Date,Open,High,Low,Close Price,Prev Close Price,Volume
2017-03-29,4.05,4.43,4.02,4.40,4.05,355700
2017-03-28,3.96,4.05,3.96,4.05,3.96,174000
2017-03-27,3.89,3.98,3.88,3.96,3.95,160700
2017-03-24,3.98,3.98,3.90,3.95,3.97,149300
2017-03-23,3.93,4.03,3.93,3.97,3.94,135100
2017-03-22,3.94,3.94,3.82,3.94,3.96,162200
2017-03-21,4.02,4.02,3.85,3.96,4.00,191000
2017-03-20,4.14,4.14,3.95,4.00,4.14,204600
2017-03-17,4.13,4.15,4.02,4.14,4.10,213900
2017-03-16,3.98,4.16,3.98,4.10,3.98,184400
2017-03-15,3.94,4.01,3.86,3.98,3.92,218400
2017-03-14,3.93,4.02,3.85,3.92,3.96,176400
2017-03-13,4.01,4.01,3.92,3.96,4.01,239800
2017-03-10,4.00,4.06,3.95,4.01,3.94,160400
2017-03-09,4.35,4.35,3.92,3.94,4.39,391000
2017-03-08,3.95,4.40,3.93,4.39,3.96,346300
2017-03-07,4.05,4.08,3.87,3.96,4.05,494200
2017-03-06,4.10,4.12,4.00,4.05,4.12,376600
2017-03-03,4.21,4.26,4.05,4.12,4.21,307000
2017-03-02,4.21,4.25,4.15,4.21,4.21,203200
2017-03-01,4.17,4.32,4.12,4.21,4.20,244600
2017-02-28,4.27,4.30,4.10,4.20,4.30,292900
2017-02-27,4.27,4.37,4.21,4.30,4.30,240400
2017-02-24,4.23,4.34,4.16,4.30,4.21,260800
2017-02-23,4.29,4.30,4.19,4.21,4.26,154500
2017-02-22,4.32,4.33,4.21,4.26,4.31,97700
2017-02-21,4.30,4.38,4.22,4.31,4.31,170700
2017-02-17,4.27,4.34,4.19,4.31,4.26,227900
2017-02-16,4.25,4.30,4.18,4.26,4.27,191300
2017-02-15,4.30,4.35,4.21,4.27,4.25,215200
2017-02-14,4.35,4.36,4.20,4.25,4.38,338600
2017-02-13,4.20,4.45,4.20,4.38,4.20,311600
2017-02-10,4.38,4.54,4.20,4.20,4.21,687300
2017-02-09,3.85,4.25,3.85,4.21,3.80,1239900
2017-02-08,4.20,4.20,3.75,3.80,4.32,1613600
2017-02-07,4.63,4.63,4.30,4.32,4.63,633300
2017-02-06,4.65,4.88,4.62,4.63,4.65,284800
2017-02-03,4.68,4.76,4.64,4.65,4.68,284200
2017-02-02,4.76,4.85,4.65,4.68,4.77,251200
2017-02-01,4.90,5.03,4.71,4.77,4.87,243100
2017-01-31,4.83,4.88,4.75,4.87,4.88,190800
2017-01-30,5.03,5.04,4.85,4.88,5.06,330900
2017-01-27,5.01,5.07,4.99,5.06,5.01,331700
2017-01-26,5.11,5.11,5.00,5.01,5.10,215100
2017-01-25,5.07,5.20,5.05,5.10,5.06,234000
2017-01-24,5.08,5.15,5.01,5.06,5.08,234800
2017-01-23,5.09,5.13,4.96,5.08,5.09,202100
2017-01-20,5.15,5.18,5.04,5.09,5.09,229800
2017-01-19,5.15,5.15,5.02,5.09,5.17,386400
2017-01-18,5.12,5.18,5.00,5.17,5.18,340500
2017-01-17,5.42,5.42,5.05,5.18,5.59,685500
2017-01-13,5.66,5.76,5.55,5.59,5.65,133300
2017-01-12,5.78,5.78,5.50,5.65,5.76,294700
2017-01-11,5.91,5.91,5.66,5.76,5.88,177600
2017-01-10,5.80,6.03,5.80,5.88,5.73,249100
2017-01-09,5.85,5.89,5.66,5.73,5.83,261400
2017-01-06,6.29,6.29,5.82,5.83,6.29,548300
2017-01-05,6.60,6.60,6.22,6.29,6.69,288000
2017-01-04,6.51,6.74,6.50,6.69,6.49,193200
2017-01-03,6.36,6.60,6.30,6.49,6.35,272200
2016-12-30,6.53,6.55,6.22,6.35,6.53,245900
2016-12-29,6.45,6.62,6.41,6.53,6.45,221100
2016-12-28,6.69,6.72,6.39,6.45,6.63,190700
2016-12-27,6.54,6.65,6.38,6.63,6.54,274700
2016-12-23,6.66,6.79,6.44,6.54,6.68,265700
2016-12-22,7.10,7.14,6.50,6.68,7.09,363500
2016-12-21,7.18,7.19,7.02,7.09,7.15,208000
2016-12-20,6.85,7.19,6.75,7.15,6.94,365900
2016-12-19,6.96,7.19,6.83,6.94,7.12,364200
2016-12-16,7.05,7.33,7.01,7.12,6.99,520500
2016-12-15,7.13,7.38,6.81,6.99,7.17,555300
2016-12-14,7.52,7.54,7.12,7.17,7.50,396900
2016-12-13,7.60,7.66,7.26,7.50,7.48,464100
2016-12-12,8.13,8.25,7.45,7.48,8.07,772700
2016-12-09,7.51,8.34,7.51,8.07,7.51,1425800
2016-12-08,6.84,7.54,6.70,7.51,6.79,670500
2016-12-07,6.35,6.92,6.30,6.79,6.23,492400
2016-12-06,6.00,6.27,5.94,6.23,6.03,352800
2016-12-05,5.94,6.09,5.94,6.03,5.90,384100
2016-12-02,5.82,6.00,5.75,5.90,5.81,246700
2016-12-01,5.79,5.90,5.68,5.81,5.75,255500
2016-11-30,6.00,6.08,5.70,5.75,5.99,355400
2016-11-29,5.86,6.06,5.80,5.99,5.77,554700
2016-11-28,6.04,6.04,5.70,5.77,5.94,403900
2016-11-25,6.01,6.06,5.90,5.94,6.01,119100
2016-11-23,5.93,6.09,5.93,6.01,5.90,330300
2016-11-22,6.10,6.10,5.83,5.90,6.02,349700
2016-11-21,5.94,6.12,5.87,6.02,5.87,417400
2016-11-18,5.98,6.00,5.83,5.87,5.93,324100
2016-11-17,5.93,6.14,5.92,5.93,5.87,918200
2016-11-16,5.65,5.95,5.61,5.87,5.69,707200
2016-11-15,5.40,5.75,5.40,5.69,5.38,1201900
2016-11-14,5.15,5.39,5.14,5.38,5.07,603500
2016-11-11,5.10,5.18,4.90,5.07,5.08,661900
2016-11-10,5.10,5.18,5.00,5.08,4.99,714000
2016-11-09,4.69,5.06,4.69,4.99,4.87,236200
2016-11-08,4.73,4.87,4.62,4.87,4.76,100000
2016-11-07,4.76,4.88,4.73,4.76,4.68,92400
2016-11-04,4.64,4.83,4.64,4.68,4.62,118100
2016-11-03,4.82,4.83,4.62,4.62,4.80,108900
2016-11-02,4.79,4.90,4.78,4.80,4.80,88700
2016-11-01,4.92,4.97,4.80,4.80,4.88,125900
2016-10-31,4.89,4.91,4.86,4.88,4.91,88500
2016-10-28,4.85,4.95,4.84,4.91,4.85,91400
2016-10-27,5.06,5.12,4.85,4.85,5.02,95500
2016-10-26,5.02,5.20,5.00,5.02,5.06,58800
2016-10-25,5.12,5.15,4.95,5.06,5.18,114200
2016-10-24,5.34,5.39,5.15,5.18,5.29,165400
2016-10-21,5.10,5.36,5.08,5.29,5.15,137100
2016-10-20,4.94,5.23,4.93,5.15,4.97,129800
2016-10-19,4.88,5.05,4.88,4.97,4.88,86100
2016-10-18,4.79,4.91,4.75,4.88,4.73,121900
2016-10-17,4.68,4.79,4.58,4.73,4.66,126600
2016-10-14,4.68,4.78,4.62,4.66,4.67,219200
2016-10-13,4.80,4.90,4.66,4.67,4.86,238800
2016-10-12,5.33,5.33,4.82,4.86,5.35,329600
2016-10-11,5.40,5.50,5.32,5.35,5.40,132900
2016-10-10,5.29,5.46,5.28,5.40,5.23,109000
2016-10-07,5.36,5.38,5.19,5.23,5.35,98500
2016-10-06,5.18,5.38,5.18,5.35,5.27,189200
2016-10-05,5.10,5.39,5.07,5.27,5.06,246600
2016-10-04,5.21,5.21,5.04,5.06,5.19,146900
2016-10-03,4.98,5.21,4.96,5.19,5.02,252100
2016-09-30,4.85,5.04,4.85,5.02,4.84,120800
2016-09-29,5.03,5.10,4.84,4.84,5.05,165400
2016-09-28,4.95,5.07,4.92,5.05,4.92,105400
2016-09-27,5.00,5.07,4.91,4.92,5.01,126100
2016-09-26,5.04,5.05,4.97,5.01,5.09,111100
2016-09-23,5.00,5.15,5.00,5.09,5.02,84200
2016-09-22,4.98,5.10,4.98,5.02,4.95,93900
2016-09-21,4.99,5.05,4.88,4.95,4.96,74600
2016-09-20,4.95,5.03,4.94,4.96,4.93,67900
2016-09-19,4.95,5.07,4.91,4.93,4.95,124200
2016-09-16,4.84,5.05,4.80,4.95,4.88,419000
2016-09-15,4.81,4.95,4.78,4.88,4.84,127600
2016-09-14,4.89,4.89,4.76,4.84,4.84,182300
2016-09-13,5.07,5.10,4.83,4.84,5.15,267100
2016-09-12,5.09,5.20,5.06,5.15,5.14,170400
2016-09-09,5.20,5.25,5.00,5.14,5.29,358800
2016-09-08,5.37,5.40,5.25,5.29,5.40,164300
2016-09-07,5.29,5.40,5.29,5.40,5.30,102700
2016-09-06,5.29,5.39,5.25,5.30,5.33,217500
2016-09-02,5.38,5.40,5.29,5.33,5.35,104200
2016-09-01,5.34,5.36,5.23,5.35,5.32,185000
2016-08-31,5.27,5.34,5.22,5.32,5.30,257900
2016-08-30,5.29,5.39,5.25,5.30,5.35,97600
2016-08-29,5.30,5.42,5.26,5.35,5.29,136000
2016-08-26,5.32,5.38,5.28,5.29,5.33,136900
2016-08-25,5.37,5.46,5.29,5.33,5.33,128200
2016-08-24,5.37,5.44,5.27,5.33,5.43,280100
2016-08-23,5.40,5.52,5.37,5.43,5.36,243400
2016-08-22,5.22,5.40,5.20,5.36,5.30,206100
2016-08-19,5.28,5.41,5.28,5.30,5.32,150200
2016-08-18,5.24,5.35,5.20,5.32,5.26,139400
2016-08-17,5.32,5.32,5.21,5.26,5.31,337200
2016-08-16,5.26,5.35,5.19,5.31,5.31,182900
2016-08-15,5.28,5.44,5.25,5.31,5.33,139200
2016-08-12,5.30,5.33,5.16,5.33,5.38,297600
2016-08-11,5.37,5.47,5.32,5.38,5.40,241100
2016-08-10,5.30,5.64,5.28,5.40,5.33,425400
2016-08-09,5.47,5.52,5.32,5.33,5.47,216000
2016-08-08,5.49,5.68,5.43,5.47,5.53,111300
2016-08-05,5.30,5.65,5.30,5.53,5.30,131700
2016-08-04,5.37,5.43,5.28,5.30,5.43,145700
2016-08-03,5.26,5.44,5.19,5.43,5.29,168600
2016-08-02,5.25,5.37,5.23,5.29,5.35,343900
2016-08-01,5.36,5.45,5.05,5.35,5.53,460200
2016-07-29,5.61,5.71,5.52,5.53,5.65,423200
2016-07-28,5.85,5.87,5.62,5.65,5.87,153900
2016-07-27,5.97,6.04,5.77,5.87,5.92,163200
2016-07-26,6.04,6.14,5.91,5.92,6.03,104800
2016-07-25,6.02,6.16,5.95,6.03,6.05,160400
2016-07-22,5.90,6.11,5.82,6.05,5.88,192200
2016-07-21,6.03,6.14,5.88,5.88,6.05,127400
2016-07-20,5.86,6.13,5.78,6.05,5.85,225300
2016-07-19,6.22,6.22,5.82,5.85,5.93,218100
2016-07-18,5.70,5.98,5.66,5.93,5.73,274500
2016-07-15,5.80,5.83,5.65,5.73,5.76,241300
2016-07-14,5.67,5.87,5.59,5.76,5.65,266600
2016-07-13,5.89,5.96,5.56,5.65,5.88,255300
2016-07-12,5.69,5.97,5.67,5.88,5.60,394400
2016-07-11,5.54,5.70,5.54,5.60,5.49,170300
2016-07-08,5.43,5.65,5.43,5.49,5.34,226200
2016-07-07,5.34,5.52,5.29,5.34,5.32,125100
2016-07-06,5.12,5.40,5.12,5.32,5.29,198900
2016-07-05,5.34,5.40,5.09,5.29,5.42,343900
2016-07-01,5.38,5.63,5.33,5.42,5.35,389100
2016-06-30,5.32,5.39,5.15,5.35,5.31,423300
2016-06-29,5.15,5.34,5.05,5.31,5.07,198300
2016-06-28,5.15,5.39,5.01,5.07,5.05,407100
2016-06-27,5.30,5.37,4.92,5.05,5.32,627200
2016-06-24,4.95,5.38,4.80,5.32,5.32,984500
2016-06-23,4.86,5.54,4.86,5.32,4.78,808600
2016-06-22,5.00,5.14,4.78,4.78,4.98,358500
2016-06-21,5.14,5.21,4.91,4.98,5.06,273100
2016-06-20,4.96,5.18,4.96,5.06,4.89,324200
2016-06-17,4.60,4.91,4.60,4.89,4.64,820000
2016-06-16,4.74,4.86,4.47,4.64,4.85,594100
2016-06-15,4.70,5.17,4.70,4.85,4.67,856800
2016-06-14,4.80,4.92,4.65,4.67,4.81,400000
2016-06-13,5.03,5.09,4.80,4.81,5.05,446800
2016-06-10,5.22,5.27,4.96,5.05,5.29,568900
2016-06-09,5.49,5.56,5.28,5.29,5.55,229900
2016-06-08,5.54,5.58,5.42,5.55,5.52,163100
2016-06-07,5.30,5.60,5.22,5.52,5.30,260800
2016-06-06,5.33,5.38,5.17,5.30,5.30,343700
2016-06-03,5.38,5.43,5.20,5.30,5.38,216700
2016-06-02,5.31,5.44,5.31,5.38,5.31,224300
2016-06-01,5.36,5.36,5.20,5.31,5.38,193200
2016-05-31,5.20,5.43,5.16,5.38,5.18,257400
2016-05-27,5.16,5.26,5.09,5.18,5.17,303200
2016-05-26,5.22,5.30,5.10,5.17,5.17,258900
2016-05-25,5.21,5.23,5.08,5.17,5.17,347100
2016-05-24,5.33,5.37,5.09,5.17,5.30,460100
2016-05-23,5.37,5.47,5.22,5.30,5.34,275900
2016-05-20,5.13,5.40,5.09,5.34,5.11,341900
2016-05-19,5.30,5.47,5.10,5.11,5.33,312400
2016-05-18,5.51,5.62,5.33,5.33,5.53,216600
2016-05-17,5.46,5.72,5.37,5.53,5.46,184000
2016-05-16,5.51,5.70,5.45,5.46,5.50,197800
2016-05-13,5.77,5.81,5.49,5.50,5.77,178100
2016-05-12,6.00,6.00,5.62,5.77,5.96,218000
2016-05-11,6.33,6.36,5.75,5.96,6.39,416100
2016-05-10,6.49,6.53,6.35,6.39,6.47,207400
2016-05-09,6.42,6.51,6.29,6.47,6.44,216900
2016-05-06,6.43,6.56,6.24,6.44,6.39,225100
2016-05-05,6.49,6.61,6.32,6.39,6.38,205100
2016-05-04,6.50,6.85,6.36,6.38,6.55,303600
2016-05-03,6.67,6.73,6.50,6.55,6.81,309700
2016-05-02,7.08,7.12,6.73,6.81,7.10,426700
2016-04-29,7.50,7.61,7.00,7.10,7.54,404700
2016-04-28,6.93,7.98,6.84,7.54,6.91,815400
2016-04-27,6.92,7.34,6.78,6.91,6.90,934200
2016-04-26,7.00,7.19,6.67,6.90,5.83,2190100
2016-04-25,6.32,6.32,5.79,5.83,6.34,709200
2016-04-22,5.91,6.34,5.91,6.34,5.94,260800
2016-04-21,6.10,6.17,5.89,5.94,6.05,184500
2016-04-20,5.82,6.08,5.82,6.05,5.83,229800
2016-04-19,6.03,6.09,5.77,5.83,6.00,178300
2016-04-18,5.93,6.05,5.88,6.00,5.96,204200
2016-04-15,5.85,6.02,5.81,5.96,5.88,116700
2016-04-14,6.19,6.25,5.87,5.88,6.19,213500
2016-04-13,5.97,6.47,5.97,6.19,5.91,357200
2016-04-12,5.72,6.08,5.71,5.91,5.70,194300
2016-04-11,5.65,5.91,5.65,5.70,5.60,141600
2016-04-08,5.74,5.81,5.46,5.60,5.69,170300
2016-04-07,5.89,5.97,5.65,5.69,5.92,186100
2016-04-06,5.87,6.08,5.76,5.92,5.85,195000
2016-04-05,6.08,6.13,5.74,5.85,6.20,329800
2016-04-04,6.24,6.39,6.14,6.20,6.22,249400
2016-04-01,5.81,6.25,5.77,6.22,5.87,222700
2016-03-31,6.04,6.05,5.77,5.87,6.07,266200
2016-03-30,5.99,6.22,5.94,6.07,5.94,291100
2016-03-29,5.97,6.00,5.77,5.94,6.05,282300
2016-03-28,5.97,6.13,5.69,6.05,5.92,185400
2016-03-24,5.66,5.95,5.41,5.92,5.74,198600
2016-03-23,6.01,6.03,5.39,5.74,6.03,318400
2016-03-22,6.27,6.34,6.00,6.03,6.31,169800
2016-03-21,6.27,6.43,6.03,6.31,6.28,297300
2016-03-18,6.08,6.32,5.97,6.28,5.98,348200
2016-03-17,5.69,6.13,5.62,5.98,5.59,320800
2016-03-16,5.60,5.74,5.52,5.59,5.59,183300
2016-03-15,6.00,6.03,5.57,5.59,6.01,163700
2016-03-14,6.07,6.14,5.83,6.01,6.07,143700
2016-03-11,5.78,6.14,5.75,6.07,5.71,187900
2016-03-10,5.88,5.90,5.62,5.71,5.86,196600
2016-03-09,5.89,6.05,5.81,5.86,5.87,150800
2016-03-08,6.47,6.59,5.85,5.87,6.55,382200
2016-03-07,6.06,6.58,6.04,6.55,6.12,346200
2016-03-04,5.92,6.36,5.82,6.12,5.89,522300
2016-03-03,5.42,6.04,5.42,5.89,5.45,1248200
2016-03-02,5.33,5.49,5.33,5.45,5.41,345000
2016-03-01,5.41,5.58,5.32,5.41,5.41,487500
2016-02-29,5.28,5.70,5.27,5.41,5.27,446000
2016-02-26,5.12,5.44,5.08,5.27,5.11,369900
2016-02-25,5.13,5.23,4.94,5.11,5.12,305500
2016-02-24,5.25,5.25,5.05,5.12,5.26,394500
2016-02-23,5.35,5.35,5.19,5.26,5.32,380100
2016-02-22,5.37,5.38,5.23,5.32,5.21,362100
2016-02-19,5.21,5.23,5.02,5.21,5.22,453500
2016-02-18,5.07,5.28,4.91,5.22,5.03,452500
2016-02-17,4.85,5.33,4.80,5.03,4.78,561900
2016-02-16,4.52,4.99,4.52,4.78,4.44,1019200
2016-02-12,3.98,4.51,3.89,4.44,3.93,410200
2016-02-11,3.95,4.03,3.77,3.93,4.01,276200
2016-02-10,4.03,4.25,3.97,4.01,4.00,310700
2016-02-09,4.04,4.09,3.97,4.00,4.11,326100
2016-02-08,4.05,4.23,3.94,4.11,4.07,351300
2016-02-05,4.20,4.26,4.07,4.07,4.20,251600
2016-02-04,4.09,4.28,4.04,4.20,4.08,440500
2016-02-03,4.19,4.19,3.93,4.08,4.12,339600
2016-02-02,4.32,4.32,4.08,4.12,4.33,260700
2016-02-01,4.31,4.38,4.17,4.33,4.32,321700
2016-01-29,4.17,4.36,4.16,4.32,4.16,542100
2016-01-28,4.41,4.45,4.13,4.16,4.35,256900
2016-01-27,4.45,4.56,4.34,4.35,4.41,325300
2016-01-26,4.20,4.52,4.15,4.41,4.16,424400
2016-01-25,4.52,4.56,4.14,4.16,4.59,449200
2016-01-22,4.92,5.03,4.58,4.59,4.78,423800
2016-01-21,4.52,5.10,4.51,4.78,4.54,615100
2016-01-20,4.33,4.60,4.09,4.54,4.40,714400
2016-01-19,4.63,4.68,4.28,4.40,4.62,641900
2016-01-15,4.65,4.68,4.37,4.62,4.78,800500
2016-01-14,4.79,4.87,4.65,4.78,4.79,595200
2016-01-13,4.93,5.15,4.79,4.79,4.93,1732400
2016-01-12,4.60,5.03,4.60,4.93,4.46,1748200
2016-01-11,4.23,4.54,4.23,4.46,4.22,2233000
2016-01-08,5.12,5.15,4.02,4.22,7.18,8768600
2016-01-07,7.46,7.95,7.06,7.18,7.57,1051300
2016-01-06,7.61,7.71,7.36,7.57,7.76,281800
2016-01-05,8.20,8.25,7.61,7.76,8.17,372300
2016-01-04,8.04,8.28,7.91,8.17,8.20,349500
2015-12-31,8.12,8.21,7.87,8.20,8.25,349100
2015-12-30,7.89,8.53,7.80,8.25,7.91,363200
2015-12-29,7.87,7.98,7.70,7.91,7.85,393400
2015-12-28,7.94,7.98,7.82,7.85,7.99,184300
2015-12-24,8.00,8.06,7.83,7.99,8.02,73700
2015-12-23,8.01,8.30,8.01,8.02,8.06,199700
2015-12-22,8.16,8.25,7.95,8.06,8.20,224100
2015-12-21,7.55,8.42,7.54,8.20,7.80,426400
2015-12-18,7.13,7.83,7.12,7.80,7.17,559900
2015-12-17,7.76,7.88,7.16,7.17,7.80,489700
2015-12-16,7.81,8.15,7.68,7.80,7.87,602900
2015-12-15,7.57,7.98,7.45,7.87,7.51,552800
2015-12-14,8.11,8.37,7.41,7.51,8.12,756700
2015-12-11,9.40,9.47,7.94,8.12,10.10,1306500
2015-12-10,9.89,10.11,9.76,10.10,9.89,207700
2015-12-09,9.95,10.10,9.77,9.89,10.01,90700
2015-12-08,9.79,10.09,9.70,10.01,9.92,181300
2015-12-07,10.13,10.28,9.85,9.92,10.29,114900
2015-12-04,10.12,10.41,10.04,10.29,10.12,195200
2015-12-03,10.33,10.39,10.05,10.12,10.29,158200
2015-12-02,10.03,10.41,10.01,10.29,10.06,138000
2015-12-01,10.28,10.37,10.00,10.06,10.27,234800
2015-11-30,10.20,10.46,10.20,10.27,10.14,373700
2015-11-27,10.23,10.31,10.14,10.14,10.23,95600
2015-11-25,10.00,10.45,10.00,10.23,9.99,323900
2015-11-24,10.42,10.42,9.71,9.99,10.45,580000
2015-11-23,10.73,10.85,10.42,10.45,10.78,493700
2015-11-20,10.97,11.04,10.68,10.78,10.88,167600
2015-11-19,10.95,11.05,10.85,10.88,10.95,168400
2015-11-18,11.01,11.07,10.86,10.95,10.99,169900
2015-11-17,11.41,11.41,10.91,10.99,11.30,143900
2015-11-16,11.00,11.32,10.97,11.30,11.01,182800
2015-11-13,11.61,11.75,10.90,11.01,11.74,329800
2015-11-12,11.69,11.93,11.55,11.74,11.79,91200
2015-11-11,12.12,12.22,11.73,11.79,12.12,112300
2015-11-10,11.98,12.23,11.88,12.12,12.02,145900
2015-11-09,12.36,12.43,11.91,12.02,12.43,157200
2015-11-06,12.40,12.60,12.31,12.43,12.41,161000
2015-11-05,11.89,12.44,11.88,12.41,11.88,166900
2015-11-04,12.16,12.42,11.82,11.88,12.11,199100
2015-11-03,11.67,12.26,11.61,12.11,11.74,174100
2015-11-02,11.40,11.79,11.30,11.74,11.41,153500
2015-10-30,11.18,11.59,11.15,11.41,11.20,288300
2015-10-29,11.07,11.37,10.94,11.20,11.13,367800
2015-10-28,10.99,11.34,10.86,11.13,10.99,273600
2015-10-27,11.40,11.50,10.87,10.99,11.45,476000
2015-10-26,11.63,11.87,11.35,11.45,11.64,286300
2015-10-23,12.24,12.24,11.40,11.64,12.21,313000
2015-10-22,12.37,12.44,12.13,12.21,12.22,165500
2015-10-21,12.33,12.48,12.12,12.22,12.23,140700
2015-10-20,12.14,12.50,12.10,12.23,12.20,135600
2015-10-19,12.42,12.55,12.06,12.20,12.45,223600
2015-10-16,12.44,12.55,12.22,12.45,12.45,199400
2015-10-15,11.59,12.55,11.59,12.45,11.42,492200
2015-10-14,12.04,12.06,11.30,11.42,11.99,378200
2015-10-13,12.74,12.89,11.92,11.99,12.73,312700
2015-10-12,11.91,12.76,11.90,12.73,11.90,391200
2015-10-09,11.81,12.28,11.75,11.90,11.75,341300
2015-10-08,12.10,12.25,11.50,11.75,12.04,407800
2015-10-07,12.70,12.98,12.01,12.04,12.67,744600
2015-10-06,13.80,14.28,12.55,12.67,15.57,2082400
2015-10-05,15.14,16.10,14.95,15.57,15.14,1017400
2015-10-02,14.52,15.30,14.08,15.14,14.69,340400
2015-10-01,14.13,14.91,12.58,14.69,14.08,839600
2015-09-30,14.37,14.42,13.41,14.08,14.22,425200
2015-09-29,15.11,15.15,13.96,14.22,15.12,390800
2015-09-28,15.16,15.27,14.70,15.12,15.24,299700
2015-09-25,15.78,16.049999,15.00,15.24,15.70,219000
2015-09-24,15.65,15.90,15.49,15.70,15.77,237600
2015-09-23,15.53,15.81,15.26,15.77,15.52,192400
2015-09-22,15.70,15.70,15.09,15.52,15.87,181800
2015-09-21,16.10,16.379999,15.77,15.87,16.040001,100600
2015-09-18,16.549999,16.559999,15.90,16.040001,16.700001,290800
2015-09-17,17.290001,17.309999,16.60,16.700001,17.290001,111300
2015-09-16,17.24,17.700001,17.01,17.290001,17.17,278800
2015-09-15,16.77,17.35,16.73,17.17,16.82,83100
2015-09-14,16.33,16.83,16.18,16.82,16.360001,96900
2015-09-11,16.860001,16.860001,16.209999,16.360001,16.98,110000
2015-09-10,16.860001,17.219999,16.639999,16.98,16.91,104500
2015-09-09,17.059999,17.18,16.639999,16.91,16.940001,176800
2015-09-08,16.58,17.00,16.549999,16.940001,16.40,105200
2015-09-04,16.42,16.83,16.379999,16.40,16.620001,87300
2015-09-03,16.620001,17.02,16.469999,16.620001,16.65,101600
2015-09-02,16.620001,16.790001,16.41,16.65,16.440001,65200
2015-09-01,16.66,16.99,16.360001,16.440001,16.91,96700
2015-08-31,16.76,17.16,16.549999,16.91,16.83,115700
2015-08-28,16.200001,16.92,16.18,16.83,16.16,179800
2015-08-27,16.00,16.379999,15.76,16.16,15.88,112100
2015-08-26,15.98,15.98,15.27,15.88,15.73,146000
2015-08-25,16.10,16.629999,15.69,15.73,15.81,231700
2015-08-24,15.55,16.00,15.00,15.81,16.200001,362000
2015-08-21,16.18,16.530001,16.08,16.200001,16.58,229000
2015-08-20,16.01,17.02,16.01,16.58,15.76,457900
2015-08-19,15.96,15.97,15.74,15.76,15.96,144700
2015-08-18,16.18,16.18,15.90,15.96,16.200001,139000
2015-08-17,16.139999,16.290001,15.87,16.200001,16.25,194000
2015-08-14,16.41,16.65,16.049999,16.25,16.469999,136900
2015-08-13,16.73,16.76,16.309999,16.469999,16.67,63700
2015-08-12,16.809999,17.049999,16.17,16.67,16.82,123500
2015-08-11,16.93,17.08,16.75,16.82,17.049999,122100
2015-08-10,16.969999,17.200001,16.870001,17.049999,16.950001,123600
2015-08-07,16.60,16.959999,16.57,16.950001,16.690001,92700
2015-08-06,17.09,17.09,16.50,16.690001,17.15,138900
2015-08-05,17.40,17.709999,16.92,17.15,17.309999,183300
2015-08-04,17.33,17.450001,17.00,17.309999,17.280001,83800
2015-08-03,18.27,18.27,17.139999,17.280001,18.18,199100
2015-07-31,18.43,18.860001,18.110001,18.18,18.440001,93500
2015-07-30,18.299999,18.65,18.110001,18.440001,18.370001,233000
2015-07-29,18.049999,18.49,17.959999,18.370001,18.00,87100
2015-07-28,18.15,18.15,17.67,18.00,17.940001,133500
2015-07-27,18.299999,18.379999,17.84,17.940001,18.35,132900
2015-07-24,18.049999,18.50,17.879999,18.35,18.030001,196800
2015-07-23,18.129999,18.290001,17.90,18.030001,18.120001,135100
2015-07-22,18.120001,18.450001,18.00,18.120001,18.200001,146600
2015-07-21,18.07,18.280001,17.969999,18.200001,18.030001,130900
2015-07-20,18.00,18.18,17.709999,18.030001,17.93,138100
2015-07-17,18.25,18.379999,17.77,17.93,18.26,141500
2015-07-16,18.34,18.530001,18.200001,18.26,18.299999,130600
2015-07-15,18.74,18.92,18.26,18.299999,18.709999,134400
2015-07-14,18.65,19.00,18.530001,18.709999,18.709999,197200
2015-07-13,18.620001,18.950001,18.469999,18.709999,18.40,230500
2015-07-10,18.00,18.66,17.879999,18.40,17.889999,268000
2015-07-09,17.940001,18.25,17.370001,17.889999,17.93,644600
2015-07-08,18.41,19.200001,17.32,17.93,17.50,1826400
2015-07-07,17.219999,17.790001,16.629999,17.50,17.299999,953500
2015-07-06,16.860001,17.57,16.77,17.299999,17.030001,452500
2015-07-02,16.360001,17.610001,16.309999,17.030001,16.35,367900
2015-07-01,16.98,17.030001,16.08,16.35,16.870001,201300
2015-06-30,17.02,17.10,16.809999,16.870001,16.91,163900
2015-06-29,17.08,17.219999,16.82,16.91,17.370001,223400
2015-06-26,17.40,17.50,17.129999,17.370001,17.41,225000
2015-06-25,17.17,17.60,17.00,17.41,17.139999,144500
2015-06-24,16.85,17.459999,16.790001,17.139999,16.959999,126600
2015-06-23,16.690001,17.27,16.620001,16.959999,16.66,232500
2015-06-22,16.950001,16.950001,16.58,16.66,16.809999,166600
2015-06-19,17.18,17.35,16.809999,16.809999,17.120001,214100
2015-06-18,16.68,17.34,16.65,17.120001,16.690001,151300
2015-06-17,16.73,16.940001,16.59,16.690001,16.629999,137100
2015-06-16,16.68,17.24,16.530001,16.629999,16.73,177200
2015-06-15,16.879999,17.09,16.389999,16.73,16.950001,271500
2015-06-12,17.00,17.059999,16.73,16.950001,17.02,68100
2015-06-11,17.049999,17.17,16.700001,17.02,16.950001,66400
2015-06-10,17.08,17.18,16.639999,16.950001,16.950001,126800
2015-06-09,16.860001,17.440001,16.84,16.950001,16.91,46900
2015-06-08,16.57,17.41,16.57,16.91,16.67,158300
2015-06-05,17.18,17.860001,16.51,16.67,17.200001,245600
2015-06-04,17.559999,17.690001,17.16,17.200001,17.67,101200
2015-06-03,17.77,18.08,17.40,17.67,17.76,123400
2015-06-02,17.799999,18.15,17.709999,17.76,17.879999,101900
2015-06-01,18.379999,18.40,17.76,17.879999,18.360001,114400
2015-05-29,18.41,18.870001,18.07,18.360001,18.459999,202400
2015-05-28,17.969999,18.469999,17.91,18.459999,18.049999,153800
2015-05-27,17.799999,18.32,17.65,18.049999,17.790001,227100
2015-05-26,17.76,17.950001,17.389999,17.790001,17.77,128700
2015-05-22,17.700001,18.110001,17.450001,17.77,17.629999,243600
2015-05-21,17.549999,17.889999,17.389999,17.629999,17.49,150500
2015-05-20,17.459999,17.530001,17.040001,17.49,17.469999,130500
2015-05-19,17.68,17.780001,17.16,17.469999,17.68,181500
2015-05-18,17.58,18.299999,17.25,17.68,17.870001,521400
2015-05-15,16.389999,17.91,15.80,17.870001,16.35,696800
2015-05-14,17.00,17.200001,16.299999,16.35,16.84,226200
2015-05-13,16.50,16.90,16.34,16.84,16.52,194000
2015-05-12,16.34,16.629999,16.110001,16.52,16.450001,345500
2015-05-11,15.93,16.60,15.87,16.450001,15.93,199600
2015-05-08,16.209999,16.219999,15.90,15.93,16.110001,347700
2015-05-07,16.360001,16.370001,15.82,16.110001,16.42,260700
2015-05-06,16.66,16.85,16.25,16.42,16.65,212800
2015-05-05,16.889999,16.950001,16.50,16.65,16.84,254500
2015-05-04,17.25,17.25,16.50,16.84,17.190001,605800
2015-05-01,18.299999,18.299999,17.00,17.190001,18.26,532000
2015-04-30,17.85,18.43,17.40,18.26,17.85,491200
2015-04-29,18.50,18.60,17.17,17.85,18.610001,558600
2015-04-28,16.52,18.65,16.379999,18.610001,21.690001,3105600
2015-04-27,21.25,21.799999,20.549999,21.690001,21.469999,1009300
2015-04-24,21.75,21.889999,21.27,21.469999,21.75,177800
2015-04-23,22.50,22.50,21.389999,21.75,22.049999,265600
2015-04-22,22.459999,22.50,21.58,22.049999,22.48,133400
2015-04-21,22.66,23.030001,22.049999,22.48,22.940001,389000
2015-04-20,22.370001,23.01,22.030001,22.940001,22.370001,216500
2015-04-17,22.32,22.469999,21.959999,22.370001,22.440001,160900
2015-04-16,22.34,22.93,22.00,22.440001,22.48,185000
2015-04-15,22.65,23.209999,22.139999,22.48,22.889999,434900
2015-04-14,22.23,23.50,21.940001,22.889999,22.280001,282000
2015-04-13,22.10,22.440001,21.690001,22.280001,22.18,151900
2015-04-10,22.75,22.75,21.870001,22.18,22.66,148500
2015-04-09,22.02,22.799999,21.73,22.66,22.07,274200
2015-04-08,21.74,22.139999,21.139999,22.07,21.74,294400
2015-04-07,21.25,22.360001,21.09,21.74,21.280001,476100
2015-04-06,19.700001,21.42,19.700001,21.280001,20.120001,396000
2015-04-02,18.67,20.34,18.67,20.120001,18.73,412100
2015-04-01,18.93,19.139999,18.59,18.73,19.049999,189000
2015-03-31,19.030001,19.57,18.74,19.049999,19.030001,163300
2015-03-30,18.67,19.50,18.549999,19.030001,18.629999,255200
2015-03-27,18.629999,18.75,18.219999,18.629999,18.280001,147600
2015-03-26,18.50,18.99,18.08,18.280001,19.049999,313000
2015-03-25,19.879999,20.01,18.879999,19.049999,19.93,235500
2015-03-24,19.83,20.67,19.450001,19.93,19.84,419800
2015-03-23,18.719999,20.16,18.690001,19.84,18.809999,270100
2015-03-20,19.57,19.82,18.709999,18.809999,19.43,238400
2015-03-19,18.969999,19.879999,18.959999,19.43,19.02,163700
2015-03-18,18.719999,19.10,18.60,19.02,18.799999,72400
2015-03-17,18.58,19.139999,18.559999,18.799999,18.68,204000
2015-03-16,18.969999,19.25,18.540001,18.68,18.93,194700
2015-03-13,18.950001,19.26,18.74,18.93,18.940001,137600
2015-03-12,18.469999,18.98,18.459999,18.940001,18.549999,144600
2015-03-11,18.389999,18.91,18.18,18.549999,18.290001,151800
2015-03-10,18.01,18.42,17.879999,18.290001,18.18,129000
2015-03-09,18.24,18.559999,18.030001,18.18,18.15,145900
2015-03-06,18.52,18.790001,18.059999,18.15,18.629999,155800
2015-03-05,18.610001,18.73,18.35,18.629999,18.67,174800
2015-03-04,18.99,18.99,18.18,18.67,19.01,229300
2015-03-03,18.65,19.17,18.620001,19.01,18.76,205900
2015-03-02,18.459999,18.790001,18.34,18.76,18.42,235600
2015-02-27,18.620001,18.879999,18.41,18.42,18.559999,206600
2015-02-26,18.629999,18.959999,17.879999,18.559999,18.52,198600
2015-02-25,18.940001,19.25,18.469999,18.52,18.91,154800
2015-02-24,18.83,19.290001,18.74,18.91,18.82,166200
2015-02-23,19.57,19.57,18.59,18.82,19.57,289600
2015-02-20,19.860001,19.959999,19.139999,19.57,19.879999,200000
2015-02-19,20.01,20.200001,19.690001,19.879999,20.030001,276600
2015-02-18,19.799999,20.59,19.780001,20.030001,19.889999,191100
2015-02-17,20.01,20.49,19.790001,19.889999,20.17,591700
2015-02-13,19.959999,20.73,19.91,20.17,20.02,395200
2015-02-12,20.00,20.370001,19.83,20.02,19.99,566500
2015-02-11,19.49,20.00,19.280001,19.99,19.50,258300
2015-02-10,19.120001,19.780001,18.860001,19.50,19.09,222800
2015-02-09,19.209999,19.209999,18.85,19.09,19.25,159000
2015-02-06,19.209999,19.40,18.93,19.25,19.27,126700
2015-02-05,19.190001,19.75,19.129999,19.27,19.190001,179700
2015-02-04,18.92,19.450001,18.790001,19.190001,19.139999,221300
2015-02-03,18.709999,19.49,18.709999,19.139999,18.67,302800
2015-02-02,18.26,18.67,17.83,18.67,18.219999,210000
2015-01-30,18.860001,19.209999,18.18,18.219999,19.10,260300
2015-01-29,18.690001,19.200001,18.52,19.10,18.690001,233500
2015-01-28,18.91,19.030001,18.110001,18.690001,18.91,256700
2015-01-27,18.77,19.35,18.389999,18.91,19.09,190400
2015-01-26,18.719999,19.58,18.639999,19.09,18.83,256100
2015-01-23,18.790001,18.940001,18.27,18.83,18.870001,242700
2015-01-22,19.34,19.459999,18.68,18.870001,19.219999,245200
2015-01-21,18.41,19.52,18.27,19.219999,18.43,434300
2015-01-20,18.219999,18.50,17.68,18.43,18.15,375500
2015-01-16,17.360001,18.33,16.969999,18.15,17.459999,469800
2015-01-15,17.77,17.889999,17.25,17.459999,17.77,321800
2015-01-14,17.10,17.959999,16.700001,17.77,17.219999,527200
2015-01-13,18.43,18.629999,17.07,17.219999,18.370001,550000
2015-01-12,18.33,18.90,18.17,18.370001,18.190001,540900
2015-01-09,19.459999,19.52,17.90,18.190001,21.209999,1776700
2015-01-08,20.700001,21.68,19.51,21.209999,20.34,1113300
2015-01-07,18.629999,20.450001,18.629999,20.34,18.48,679600
2015-01-06,18.389999,18.690001,17.530001,18.48,18.32,457700
2015-01-05,19.110001,19.18,18.129999,18.32,19.379999,565300
2015-01-02,19.290001,19.77,18.99,19.379999,19.129999,280800
2014-12-31,19.280001,19.57,18.549999,19.129999,19.280001,483900
2014-12-30,19.73,20.00,18.75,19.280001,19.969999,355200
2014-12-29,19.469999,20.18,19.299999,19.969999,19.459999,253700
2014-12-26,20.49,20.700001,19.360001,19.459999,20.219999,246100
2014-12-24,20.00,20.48,19.889999,20.219999,20.02,143200
2014-12-23,19.889999,20.84,19.809999,20.02,19.870001,339600
2014-12-22,18.959999,19.879999,18.959999,19.870001,19.02,286800
2014-12-19,19.17,19.469999,18.74,19.02,19.200001,310000
2014-12-18,19.639999,19.799999,19.07,19.200001,19.690001,338000
2014-12-17,18.77,20.01,18.74,19.690001,18.639999,313600
2014-12-16,18.02,19.00,17.969999,18.639999,18.15,301400
2014-12-15,17.719999,18.57,17.719999,18.15,17.639999,506300
2014-12-12,17.02,17.90,17.01,17.639999,17.129999,218200
2014-12-11,17.190001,17.879999,16.59,17.129999,16.969999,306000
2014-12-10,17.469999,17.469999,16.82,16.969999,17.48,286200
2014-12-09,17.10,17.57,16.90,17.48,17.360001,351600
2014-12-08,17.459999,17.82,17.01,17.360001,17.540001,446400
2014-12-05,17.889999,18.49,17.49,17.540001,17.879999,337800
2014-12-04,18.74,19.030001,17.67,17.879999,18.799999,518600
2014-12-03,19.07,19.07,18.700001,18.799999,19.10,474500
2014-12-02,19.309999,19.690001,19.07,19.10,19.280001,289800
2014-12-01,21.73,21.73,19.209999,19.280001,21.780001,802700
2014-11-28,22.059999,22.280001,21.77,21.780001,22.01,139100
2014-11-26,22.75,23.040001,21.82,22.01,23.120001,332400
2014-11-25,23.41,23.620001,22.98,23.120001,23.440001,283900
2014-11-24,22.299999,23.450001,22.209999,23.440001,22.219999,323600
2014-11-21,23.440001,23.440001,22.120001,22.219999,23.10,303200
2014-11-20,21.790001,23.200001,21.790001,23.10,22.00,317500
2014-11-19,23.25,23.25,21.82,22.00,23.219999,284500
2014-11-18,22.700001,23.52,22.700001,23.219999,22.700001,336000
2014-11-17,23.33,23.360001,22.40,22.700001,23.41,313900
2014-11-14,22.59,23.879999,22.40,23.41,22.620001,555000
2014-11-13,22.51,22.940001,21.799999,22.620001,22.65,450500
2014-11-12,21.23,22.93,21.190001,22.65,21.389999,623600
2014-11-11,20.950001,21.48,20.700001,21.389999,20.99,189000
2014-11-10,21.950001,21.950001,20.40,20.99,21.93,389500
2014-11-07,20.530001,22.059999,20.459999,21.93,19.23,736600
2014-11-06,18.76,19.43,18.75,19.23,18.799999,199400
2014-11-05,18.700001,19.059999,18.49,18.799999,18.57,329200
2014-11-04,18.58,18.74,18.49,18.57,18.58,142000
2014-11-03,18.440001,18.73,18.360001,18.58,18.440001,208100
2014-10-31,18.42,18.709999,18.25,18.440001,18.309999,317700
2014-10-30,17.25,19.440001,17.200001,18.309999,17.07,679000
2014-10-29,17.42,17.49,16.860001,17.07,17.42,168600
2014-10-28,16.82,17.50,16.809999,17.42,16.84,228500
2014-10-27,17.299999,17.469999,16.790001,16.84,17.290001,189600
2014-10-24,16.73,17.379999,16.58,17.290001,16.75,168500
2014-10-23,17.02,17.290001,16.690001,16.75,16.99,208800
2014-10-22,17.309999,17.459999,16.959999,16.99,17.32,290800
2014-10-21,17.58,17.60,17.18,17.32,17.41,264400
2014-10-20,17.209999,17.549999,17.07,17.41,17.280001,329200
2014-10-17,17.469999,17.74,17.10,17.280001,17.280001,320000
2014-10-16,17.25,17.90,17.030001,17.280001,17.41,329700
2014-10-15,17.00,17.51,16.59,17.41,17.299999,516300
2014-10-14,15.67,17.34,15.67,17.299999,15.66,1056100
2014-10-13,16.049999,16.49,15.52,15.66,16.059999,361900
2014-10-10,16.00,16.49,15.68,16.059999,16.00,496100
2014-10-09,16.559999,16.57,15.49,16.00,16.26,649600
2014-10-08,16.60,17.030001,15.68,16.26,16.440001,1314100
2014-10-07,19.07,19.35,15.98,16.440001,21.889999,5661700
2014-10-06,22.799999,23.15,21.73,21.889999,22.77,1542500
2014-10-03,22.76,23.23,22.540001,22.77,22.49,492300
2014-10-02,21.43,22.60,21.43,22.49,21.43,417600
2014-10-01,21.719999,21.799999,21.110001,21.43,21.77,367200
2014-09-30,22.52,22.66,21.629999,21.77,22.57,252600
2014-09-29,22.969999,23.49,22.209999,22.57,23.040001,249500
2014-09-26,23.15,23.23,22.73,23.040001,23.18,110900
2014-09-25,23.379999,23.450001,22.75,23.18,23.50,252400
2014-09-24,23.15,23.719999,23.030001,23.50,23.08,170000
2014-09-23,23.190001,23.41,22.57,23.08,23.32,699500
2014-09-22,23.75,23.879999,22.790001,23.32,23.76,394400
2014-09-19,22.879999,24.00,22.84,23.76,22.85,1445800
2014-09-18,21.959999,22.950001,21.959999,22.85,22.450001,255100
2014-09-17,23.110001,23.17,22.10,22.450001,23.110001,330400
2014-09-16,22.639999,23.459999,22.639999,23.110001,22.700001,366300
2014-09-15,22.51,22.98,22.23,22.700001,22.65,335600
2014-09-12,21.889999,22.83,21.790001,22.65,21.85,346300
2014-09-11,21.469999,22.129999,21.370001,21.85,21.629999,178200
2014-09-10,21.24,21.75,21.01,21.629999,21.33,177500
2014-09-09,22.049999,22.360001,21.17,21.33,22.17,265400
2014-09-08,21.67,22.50,21.549999,22.17,21.780001,371200
2014-09-05,21.51,21.82,21.23,21.780001,21.67,287400
2014-09-04,21.280001,22.18,21.209999,21.67,21.360001,695300
2014-09-03,21.40,21.65,20.809999,21.360001,21.40,541000
2014-09-02,21.23,21.459999,20.65,21.40,21.139999,353200
2014-08-29,21.200001,21.73,20.950001,21.139999,21.200001,225500
2014-08-28,21.66,21.76,21.110001,21.200001,21.93,273400
2014-08-27,22.139999,22.35,21.459999,21.93,22.200001,278200
2014-08-26,22.34,22.389999,22.01,22.200001,22.42,233400
2014-08-25,22.77,22.870001,22.25,22.42,22.75,262700
2014-08-22,22.02,23.280001,22.02,22.75,22.01,430200
2014-08-21,22.50,22.57,21.67,22.01,22.51,243500
2014-08-20,21.25,22.620001,21.25,22.51,21.459999,329700
2014-08-19,21.030001,21.75,21.02,21.459999,21.030001,173200
2014-08-18,21.09,21.440001,20.84,21.030001,21.00,268100
2014-08-15,21.790001,21.790001,20.690001,21.00,21.58,404500
2014-08-14,21.41,22.25,21.309999,21.58,21.41,258900
2014-08-13,21.90,21.959999,21.17,21.41,21.969999,217600
2014-08-12,22.58,22.68,21.959999,21.969999,22.66,242000
2014-08-11,22.57,22.959999,22.309999,22.66,22.440001,240500
2014-08-08,22.07,22.60,22.01,22.440001,22.10,223400
2014-08-07,22.23,22.450001,21.93,22.10,22.27,324200
2014-08-06,21.09,22.59,21.02,22.27,21.17,322700
2014-08-05,21.34,21.950001,21.09,21.17,21.530001,308300
2014-08-04,21.00,21.59,20.67,21.530001,21.00,482300
2014-08-01,21.02,21.10,20.74,21.00,21.030001,243900
2014-07-31,21.110001,21.40,20.950001,21.030001,21.33,156900
2014-07-30,21.209999,21.48,21.209999,21.33,21.110001,373100
2014-07-29,21.00,21.24,20.790001,21.110001,20.85,466800
2014-07-28,20.639999,21.17,20.32,20.85,20.67,462700
2014-07-25,20.709999,21.00,20.610001,20.67,21.00,240900
2014-07-24,21.040001,21.280001,20.809999,21.00,21.00,298000
2014-07-23,20.90,21.26,20.700001,21.00,20.969999,585300
2014-07-22,21.66,21.780001,20.959999,20.969999,21.84,739100
2014-07-21,22.25,22.51,21.360001,21.84,22.48,827400
2014-07-18,22.370001,22.74,22.23,22.48,22.34,492100
2014-07-17,22.74,22.959999,22.08,22.34,22.879999,738900
2014-07-16,23.82,24.219999,22.75,22.879999,23.85,949900
2014-07-15,24.59,24.860001,23.58,23.85,24.50,625200
2014-07-14,24.48,25.00,24.25,24.50,24.25,846000
2014-07-11,24.68,24.76,24.139999,24.25,24.58,325600
2014-07-10,24.10,25.610001,24.030001,24.58,24.799999,724700
2014-07-09,23.01,24.90,22.879999,24.799999,27.07,3322100
2014-07-08,27.65,27.65,26.75,27.07,27.52,1165000
2014-07-07,27.50,27.959999,27.059999,27.52,27.26,463300
2014-07-03,27.50,27.99,27.00,27.26,27.25,340300
2014-07-02,28.00,29.389999,27.110001,27.25,27.66,675300
2014-07-01,27.83,28.09,27.17,27.66,27.780001,613300
2014-06-30,29.120001,29.16,27.530001,27.780001,29.00,444200
2014-06-27,29.370001,30.379999,29.00,29.00,29.41,776900
2014-06-26,29.709999,29.709999,29.10,29.41,29.18,152900
2014-06-25,29.719999,29.90,29.00,29.18,28.90,202400
2014-06-24,29.639999,29.860001,28.82,28.90,29.440001,195500
2014-06-23,30.200001,30.35,29.190001,29.440001,29.98,292500
2014-06-20,29.860001,30.15,28.799999,29.98,29.959999,571600
2014-06-19,29.85,30.68,29.51,29.959999,29.690001,226000
2014-06-18,29.719999,30.389999,29.360001,29.690001,29.34,353400
2014-06-17,28.52,29.620001,28.219999,29.34,28.52,303000
2014-06-16,27.90,28.690001,27.75,28.52,27.73,276100
2014-06-13,27.99,28.120001,27.299999,27.73,27.99,197800
2014-06-12,27.52,28.379999,27.370001,27.99,27.57,306100
2014-06-11,27.15,27.620001,27.15,27.57,27.370001,91600
2014-06-10,27.290001,27.440001,26.860001,27.370001,27.50,352700
2014-06-09,27.50,27.85,27.35,27.50,27.51,287800
2014-06-06,27.139999,27.870001,26.90,27.51,26.90,273800
2014-06-05,27.049999,27.309999,26.26,26.90,26.82,250900
2014-06-04,27.549999,27.549999,26.799999,26.82,27.57,248400
2014-06-03,26.77,27.93,26.50,27.57,26.950001,366100
2014-06-02,28.75,28.99,26.870001,26.950001,28.66,350300
2014-05-30,28.00,28.99,27.82,28.66,28.09,415800
2014-05-29,27.059999,28.25,26.799999,28.09,26.870001,285800
2014-05-28,27.629999,27.780001,26.82,26.870001,27.59,290000
2014-05-27,27.950001,28.49,27.50,27.59,27.299999,385300
2014-05-23,26.27,28.34,26.17,27.299999,26.16,509100
2014-05-22,25.33,26.370001,25.16,26.16,25.389999,231400
2014-05-21,26.02,26.129999,25.18,25.389999,26.00,349900
2014-05-20,26.52,26.60,25.440001,26.00,26.75,382200
2014-05-19,27.10,27.440001,26.719999,26.75,27.34,268900
2014-05-16,27.040001,27.379999,26.610001,27.34,27.139999,250100
2014-05-15,26.76,27.23,26.27,27.139999,26.92,316900
2014-05-14,27.07,27.50,26.700001,26.92,27.25,301700
2014-05-13,27.40,27.879999,26.98,27.25,27.50,496000
2014-05-12,26.18,27.690001,26.18,27.50,25.950001,533500
2014-05-09,25.700001,26.09,25.700001,25.950001,25.790001,315500
2014-05-08,25.790001,26.82,25.559999,25.790001,25.969999,713300
2014-05-07,26.610001,26.77,25.50,25.969999,26.629999,579200
2014-05-06,27.799999,27.98,26.57,26.629999,27.90,576000
2014-05-05,28.65,28.799999,27.790001,27.90,28.860001,397200
2014-05-02,27.82,29.00,27.809999,28.860001,27.790001,349600
2014-05-01,27.68,28.040001,27.219999,27.790001,27.59,370100
2014-04-30,28.370001,28.959999,27.50,27.59,28.50,639000
2014-04-29,27.08,29.629999,26.139999,28.50,29.870001,2204300
2014-04-28,30.00,30.139999,29.00,29.870001,29.90,967800
2014-04-25,30.50,30.559999,29.66,29.90,30.67,470600
2014-04-24,31.389999,31.42,30.07,30.67,31.16,405900
2014-04-23,31.25,32.049999,31.059999,31.16,31.440001,441200
2014-04-22,31.48,31.709999,31.00,31.440001,31.50,395700
2014-04-21,31.809999,32.68,31.50,31.50,31.610001,301700
2014-04-17,31.049999,31.74,30.860001,31.610001,31.02,288000
2014-04-16,31.01,31.58,30.700001,31.02,30.90,223700
2014-04-15,31.00,31.75,29.360001,30.90,30.99,582700
2014-04-14,31.59,31.700001,30.139999,30.99,31.25,659800
2014-04-11,31.200001,31.83,30.25,31.25,31.85,485100
2014-04-10,32.759998,32.98,31.17,31.85,32.799999,645000
2014-04-09,33.220001,33.50,32.169998,32.799999,33.209999,340000
2014-04-08,33.950001,34.16,32.43,33.209999,34.029999,665000
2014-04-07,34.299999,34.50,33.459999,34.029999,34.549999,320300
2014-04-04,35.66,35.66,34.240002,34.549999,35.41,429400
2014-04-03,36.41,36.790001,34.779999,35.41,36.290001,690100
2014-04-02,34.900002,36.490002,34.439999,36.290001,34.720001,401600
2014-04-01,33.959999,35.389999,33.650002,34.720001,33.950001,407800
2014-03-31,32.68,34.50,32.310001,33.950001,32.68,535400
2014-03-28,32.00,33.00,31.66,32.68,31.969999,397700
2014-03-27,31.92,32.009998,31.01,31.969999,32.080002,479600
2014-03-26,33.130001,33.470001,31.639999,32.080002,33.07,711800
2014-03-25,34.240002,34.259998,32.889999,33.07,33.860001,1081000
2014-03-24,34.50,34.810001,33.200001,33.860001,34.470001,458000
2014-03-21,35.639999,35.900002,34.169998,34.470001,35.560001,1063800
2014-03-20,34.939999,35.68,34.50,35.560001,34.98,211200
2014-03-19,35.84,36.00,34.82,34.98,35.82,157400
2014-03-18,35.490002,36.299999,35.18,35.82,35.41,234200
2014-03-17,35.43,35.68,35.099998,35.41,35.279999,159900
2014-03-14,34.689999,35.880001,34.689999,35.279999,35.080002,347200
2014-03-13,35.709999,35.98,34.380001,35.080002,35.43,424400
2014-03-12,33.799999,36.27,33.50,35.43,34.099998,591900
2014-03-11,34.830002,34.900002,33.700001,34.099998,34.759998,551700
2014-03-10,34.66,35.099998,34.080002,34.759998,34.860001,440600
2014-03-07,35.889999,35.889999,34.689999,34.860001,35.799999,281000
2014-03-06,36.75,37.25,35.57,35.799999,36.049999,260700
2014-03-05,36.259998,36.549999,35.68,36.049999,36.25,151400
2014-03-04,35.740002,36.50,35.290001,36.25,35.380001,347700
2014-03-03,35.400002,36.25,35.040001,35.380001,35.810001,236600
2014-02-28,36.009998,36.299999,35.41,35.810001,35.970001,258800
2014-02-27,34.900002,36.099998,34.50,35.970001,34.93,315300
2014-02-26,33.689999,35.25,33.32,34.93,33.310001,633500
2014-02-25,33.650002,33.98,32.799999,33.310001,34.110001,544400
2014-02-24,34.00,34.48,33.040001,34.110001,35.169998,1427100
2014-02-21,35.509998,35.959999,35.040001,35.169998,35.650002,240900
2014-02-20,35.709999,36.150002,35.50,35.650002,35.810001,296600
2014-02-19,36.900002,37.009998,35.509998,35.810001,36.889999,327200
2014-02-18,37.240002,37.830002,36.709999,36.889999,36.959999,248900
2014-02-14,37.82,37.82,36.650002,36.959999,36.43,257800
2014-02-13,37.00,37.00,35.91,36.43,37.459999,663000
2014-02-12,39.220001,39.380001,37.25,37.459999,39.150002,514600
2014-02-11,38.549999,39.48,38.189999,39.150002,38.18,426900
2014-02-10,38.599998,38.950001,37.68,38.18,38.419998,310200
2014-02-07,37.139999,38.790001,37.139999,38.419998,37.029999,605600
2014-02-06,35.77,37.459999,35.490002,37.029999,35.759998,356700
2014-02-05,36.450001,36.50,35.419998,35.759998,36.75,358200
2014-02-04,36.150002,37.48,36.07,36.75,36.139999,465500
2014-02-03,36.799999,37.400002,34.50,36.139999,36.75,785600
2014-01-31,36.150002,36.759998,35.509998,36.75,36.82,363200
2014-01-30,35.790001,37.00,35.529999,36.82,35.450001,430500
2014-01-29,36.139999,36.200001,34.23,35.450001,36.490002,703400
2014-01-28,38.040001,38.189999,36.110001,36.490002,37.740002,489700
2014-01-27,38.060001,38.630001,37.50,37.740002,37.950001,234600
2014-01-24,38.00,38.400002,37.00,37.950001,38.00,570100
2014-01-23,38.740002,38.75,37.75,38.00,38.43,311400
2014-01-22,38.50,38.669998,38.25,38.43,38.43,251100
2014-01-21,38.990002,38.990002,38.099998,38.43,38.380001,343400
2014-01-17,39.200001,39.400002,37.75,38.380001,38.91,408500
2014-01-16,39.900002,39.970001,38.029999,38.91,39.400002,589000
2014-01-15,38.759998,39.82,38.540001,39.400002,38.18,570900
2014-01-14,39.599998,39.669998,37.599998,38.18,39.09,692600
2014-01-13,40.48,40.599998,39.00,39.09,39.450001,1224000
2014-01-10,38.470001,39.740002,38.099998,39.450001,38.099998,1114200
2014-01-09,40.349998,40.50,36.50,38.099998,39.009998,2168100
2014-01-08,41.23,41.50,38.689999,39.009998,45.790001,4940300
2014-01-07,43.84,45.790001,43.119999,45.790001,42.98,1677300
2014-01-06,44.669998,45.00,42.759998,42.98,42.66,1101300
2014-01-03,44.790001,45.18,41.779999,42.66,43.779999,1247300
2014-01-02,46.869999,46.869999,43.779999,43.779999,46.610001,798800
2013-12-31,46.290001,47.07,45.599998,46.610001,45.98,460800
2013-12-30,43.599998,46.279999,43.599998,45.98,43.52,569700
2013-12-27,43.709999,43.799999,43.049999,43.52,42.740002,322100
2013-12-26,43.650002,43.650002,42.310001,42.740002,43.330002,365000
2013-12-24,43.200001,43.490002,42.959999,43.330002,42.880001,185300
2013-12-23,42.439999,43.349998,41.84,42.880001,41.279999,729300
2013-12-20,40.970001,42.41,38.599998,41.279999,40.25,3052400
2013-12-19,43.509998,43.599998,40.220001,40.25,43.810001,1590400
2013-12-18,42.799999,43.959999,42.52,43.810001,42.400002,637700
2013-12-17,41.41,42.43,40.82,42.400002,41.16,612300
2013-12-16,40.009998,41.360001,39.529999,41.16,39.360001,587300
2013-12-13,38.75,39.57,38.75,39.360001,38.740002,418900
2013-12-12,38.00,38.880001,37.849998,38.740002,38.279999,379500
2013-12-11,39.450001,39.450001,37.619999,38.279999,39.650002,551000
2013-12-10,41.639999,42.00,39.48,39.650002,41.650002,573400
2013-12-09,42.889999,43.209999,41.299999,41.650002,42.50,271800
2013-12-06,44.490002,44.700001,42.310001,42.50,43.200001,344400
2013-12-05,42.240002,43.459999,41.75,43.200001,41.82,325600
2013-12-04,43.830002,44.509998,41.48,41.82,43.130001,530100
2013-12-03,43.50,43.689999,42.220001,43.130001,43.09,355400
2013-12-02,41.599998,43.52,41.279999,43.09,40.689999,458500
2013-11-29,41.34,41.700001,40.50,40.689999,40.48,169900
2013-11-27,41.139999,41.50,40.349998,40.48,40.060001,413600
2013-11-26,39.099998,40.299999,38.709999,40.060001,38.200001,789700
2013-11-25,38.389999,39.00,37.900002,38.200001,37.360001,60200
2013-11-22,35.599998,37.599998,35.27,37.360001,35.189999,434800
2013-11-21,34.950001,35.299999,34.279999,35.189999,34.139999,394400
2013-11-20,35.98,35.98,33.75,34.139999,35.16,417600
2013-11-19,37.779999,38.130001,34.950001,35.16,37.639999,815300
2013-11-18,34.75,38.32,34.279999,37.639999,33.549999,669600
2013-11-15,33.75,33.849998,33.330002,33.549999,33.650002,924200
2013-11-14,34.150002,34.25,33.540001,33.650002,34.150002,586300
2013-11-13,33.50,34.50,33.049999,34.150002,33.990002,419500
2013-11-12,34.540001,34.540001,33.75,33.990002,34.240002,331400
2013-11-11,35.349998,35.349998,33.919998,34.240002,34.950001,430500
2013-11-08,35.299999,35.459999,34.73,34.950001,35.310001,488300
2013-11-07,36.799999,36.799999,34.119999,35.310001,35.900002,883700
2013-11-06,35.610001,36.490002,35.610001,35.900002,35.349998,549600
2013-11-05,35.110001,35.50,34.82,35.349998,35.349998,337700
2013-11-04,36.799999,36.799999,34.689999,35.349998,36.200001,1586600
