Id,Date,Open,High,Low,Close Price,Prev Close Price,Volume,Momentum of Close Price,Volatility of Close Price,Day1,Day2,Day3,Day4,Day5
0,2017-03-24,3.98,3.98,3.9,3.95,3.97,121700,-0.1111111111111111,0.0035102465078595863,0,0,0,0,0
1,2017-03-23,3.93,4.03,3.93,3.97,3.94,216500,-0.1111111111111111,0.003397359170414047,0,0,0,0,0
2,2017-03-22,3.94,3.94,3.82,3.94,3.96,355700,-0.08888888888888889,0.0030737565223655536,0,0,0,0,0
3,2017-03-21,4.02,4.02,3.85,3.96,4.0,174000,-0.06666666666666667,0.002710553421311664,0,0,0,0,0
4,2017-03-20,4.14,4.14,3.95,4.0,4.14,160700,-0.044444444444444446,0.0021349231692108267,0,0,0,0,0
5,2017-03-17,4.13,4.15,4.02,4.14,4.1,149300,-0.044444444444444446,0.002099826757302822,0,0,0,0,0
6,2017-03-16,3.98,4.16,3.98,4.1,3.98,135100,-0.06666666666666667,0.0028579304422357726,0,0,0,0,0
7,2017-03-15,3.94,4.01,3.86,3.98,3.92,162200,-0.06666666666666667,0.0030254346298404624,0,0,0,0,0
8,2017-03-14,3.93,4.02,3.85,3.92,3.96,191000,-0.06666666666666667,0.0030972411302183896,0,0,0,0,0
9,2017-03-13,4.01,4.01,3.92,3.96,4.01,204600,-0.06666666666666667,0.0030252553341888794,0,0,0,0,0
10,2017-03-10,4.0,4.06,3.95,4.01,3.94,213900,-0.06666666666666667,0.0030834375545826767,0,0,0,0,0
11,2017-03-09,4.35,4.35,3.92,3.94,4.39,184400,-0.06666666666666667,0.002203863648162787,0,0,0,0,0
12,2017-03-08,3.95,4.4,3.93,4.39,3.96,218400,-0.08888888888888889,0.0033807304658830424,0,0,0,0,0
13,2017-03-07,4.05,4.08,3.87,3.96,4.05,176400,-0.08888888888888889,0.0033917098246884904,0,0,0,0,0
14,2017-03-06,4.1,4.12,4.0,4.05,4.12,239800,-0.08888888888888889,0.0034356161648911284,0,0,0,0,0
15,2017-03-03,4.21,4.26,4.05,4.12,4.21,160400,-0.06666666666666667,0.002898841847673772,0,0,0,0,0
16,2017-03-02,4.21,4.25,4.15,4.21,4.21,391000,-0.06666666666666667,0.002510492333110664,0,0,0,0,0
17,2017-03-01,4.17,4.32,4.12,4.21,4.2,346300,-0.06666666666666667,0.0023356772775622752,0,0,0,0,0
18,2017-02-28,4.27,4.3,4.1,4.2,4.3,494200,-0.044444444444444446,0.0017295969583672036,0,0,0,0,0
19,2017-02-27,4.27,4.37,4.21,4.3,4.3,376600,-0.044444444444444446,0.0015651619102112248,0,0,0,0,0
20,2017-02-24,4.23,4.34,4.16,4.3,4.21,307000,-0.06666666666666667,0.0018215636358214539,0,0,0,0,0
21,2017-02-23,4.29,4.3,4.19,4.21,4.26,203200,-0.06666666666666667,0.0021416607500306826,0,0,0,0,0
22,2017-02-22,4.32,4.33,4.21,4.26,4.31,244600,-0.06666666666666667,0.003131504706315256,0,0,0,0,0
23,2017-02-21,4.3,4.38,4.22,4.31,4.31,292900,-0.08888888888888889,0.0032353468662321837,0,0,0,0,0
24,2017-02-17,4.27,4.34,4.19,4.31,4.26,240400,-0.08888888888888889,0.0030144518283740113,0,0,0,0,0
25,2017-02-16,4.25,4.3,4.18,4.26,4.27,260800,-0.08888888888888889,0.0032433088598055717,0,0,0,0,0
26,2017-02-15,4.3,4.35,4.21,4.27,4.25,154500,-0.08888888888888889,0.0031292040789319816,0,0,0,0,0
27,2017-02-14,4.35,4.36,4.2,4.25,4.38,97700,-0.06666666666666667,0.0023465770496256355,0,0,0,0,0
28,2017-02-13,4.2,4.45,4.2,4.38,4.2,170700,-0.08888888888888889,0.0030886613831334372,0,0,0,0,0
29,2017-02-10,4.38,4.54,4.2,4.2,4.21,227900,-0.06666666666666667,0.0026982585938867157,0,0,0,0,0
30,2017-02-09,3.85,4.25,3.85,4.21,3.8,191300,-0.06666666666666667,0.0033819319237922197,0,0,0,0,0
31,2017-02-08,4.2,4.2,3.75,3.8,4.32,215200,-0.06666666666666667,0.0023435577514467534,0,0,0,0,0
32,2017-02-07,4.63,4.63,4.3,4.32,4.63,338600,-0.044444444444444446,0.0012602040457058124,0,0,0,0,0
33,2017-02-06,4.65,4.88,4.62,4.63,4.65,311600,-0.044444444444444446,0.0014154599179189585,0,0,0,0,0
34,2017-02-03,4.68,4.76,4.64,4.65,4.68,687300,-0.044444444444444446,0.0015211982620192907,0,0,0,0,0
35,2017-02-02,4.76,4.85,4.65,4.68,4.77,1239900,-0.022222222222222223,0.001154717983947657,0,0,0,0,0
36,2017-02-01,4.9,5.03,4.71,4.77,4.87,1613600,0.0,0.0007668448317857477,0,0,0,0,0
37,2017-01-31,4.83,4.88,4.75,4.87,4.88,633300,0.0,0.0007664760976730025,0,0,0,0,0
38,2017-01-30,5.03,5.04,4.85,4.88,5.06,284800,0.022222222222222223,0.00028943573102396467,0,0,0,0,0
39,2017-01-27,5.01,5.07,4.99,5.06,5.01,284200,0.0,0.0004443048205433763,0,0,0,0,0
40,2017-01-26,5.11,5.11,5.0,5.01,5.1,251200,0.022222222222222223,8.75771983466915e-05,0,0,0,0,0
41,2017-01-25,5.07,5.2,5.05,5.1,5.06,243100,0.022222222222222223,8.36484866069873e-05,0,0,0,0,0
42,2017-01-24,5.08,5.15,5.01,5.06,5.08,190800,0.044444444444444446,3.973105138520331e-05,0,0,0,0,0
43,2017-01-23,5.09,5.13,4.96,5.08,5.09,330900,0.044444444444444446,0.0007295208607168892,0,0,0,0,0
44,2017-01-20,5.15,5.18,5.04,5.09,5.09,331700,0.044444444444444446,0.0007079458876856041,0,0,0,0,0
45,2017-01-19,5.15,5.15,5.02,5.09,5.17,215100,0.044444444444444446,0.0008575657436802089,0,0,0,0,0
46,2017-01-18,5.12,5.18,5.0,5.17,5.18,234000,0.044444444444444446,0.0010671181311676821,0,0,0,0,0
47,2017-01-17,5.42,5.42,5.05,5.18,5.59,234800,0.06666666666666667,-1.8094065155627557e-05,0,0,0,0,0
48,2017-01-13,5.66,5.76,5.55,5.59,5.65,202100,0.06666666666666667,-7.446156777148528e-05,0,0,0,0,0
49,2017-01-12,5.78,5.78,5.5,5.65,5.76,229800,0.06666666666666667,-0.00024909136035940416,0,0,0,0,0
50,2017-01-11,5.91,5.91,5.66,5.76,5.88,386400,0.08888888888888889,-0.0005428781377910399,0,0,0,0,0
51,2017-01-10,5.8,6.03,5.8,5.88,5.73,340500,0.08888888888888889,-0.00030120252017557545,0,0,0,0,0
52,2017-01-09,5.85,5.89,5.66,5.73,5.83,685500,0.08888888888888889,-0.0003902919059161512,0,0,0,0,0
53,2017-01-06,6.29,6.29,5.82,5.83,6.29,133300,0.1111111111111111,-0.0013915939405456403,0,0,0,0,0
54,2017-01-05,6.6,6.6,6.22,6.29,6.69,294700,0.1111111111111111,-0.0020141669193957236,0,0,0,0,0
55,2017-01-04,6.51,6.74,6.5,6.69,6.49,177600,0.1111111111111111,-0.0016819961836375445,0,0,0,0,0
56,2017-01-03,6.36,6.6,6.3,6.49,6.35,249100,0.08888888888888889,-0.0012338475750920765,0,0,0,0,0
57,2016-12-30,6.53,6.55,6.22,6.35,6.53,261400,0.1111111111111111,-0.0016920453648250828,0,0,0,0,0
58,2016-12-29,6.45,6.62,6.41,6.53,6.45,548300,0.1111111111111111,-0.00168029960155364,0,0,0,0,0
59,2016-12-28,6.69,6.72,6.39,6.45,6.63,286900,0.1111111111111111,-0.00194844839975948,0,0,0,0,0
60,2016-12-27,6.54,6.65,6.38,6.63,6.54,190500,0.1111111111111111,-0.0019229321203732331,0,0,0,0,0
61,2016-12-23,6.66,6.79,6.44,6.54,6.68,269700,0.1111111111111111,-0.002055165724892043,0,0,0,0,0
62,2016-12-22,7.1,7.14,6.5,6.68,7.09,245900,0.13333333333333333,-0.0027371351194362867,0,0,0,0,0
63,2016-12-21,7.18,7.19,7.02,7.09,7.15,221100,0.13333333333333333,-0.002789314509108603,0,0,0,0,0
64,2016-12-20,6.85,7.19,6.75,7.15,6.94,190700,0.1111111111111111,-0.0023587423712193934,0,0,0,0,0
65,2016-12-19,6.96,7.19,6.83,6.94,7.12,274700,0.1111111111111111,-0.002605621563493525,0,0,0,0,0
66,2016-12-16,7.05,7.33,7.01,7.12,6.99,265700,0.1111111111111111,-0.002546783074567646,0,0,0,0,0
67,2016-12-15,7.13,7.38,6.81,6.99,7.17,363500,0.1111111111111111,-0.0025410570351349178,0,0,0,0,0
68,2016-12-14,7.52,7.54,7.12,7.17,7.5,208000,0.1111111111111111,-0.002930570181947292,0,0,0,0,0
69,2016-12-13,7.6,7.66,7.26,7.5,7.48,365900,0.1111111111111111,-0.003363066330899139,0,0,0,0,0
70,2016-12-12,8.13,8.25,7.45,7.48,8.07,364200,0.1111111111111111,-0.00396694081379693,0,0,0,0,0
71,2016-12-09,7.51,8.34,7.51,8.07,7.51,520500,0.1111111111111111,-0.0034823838791177885,0,0,0,-1,0
72,2016-12-08,6.84,7.54,6.7,7.51,6.79,555300,0.08888888888888889,-0.0022911135963526136,0,0,0,0,0
73,2016-12-07,6.35,6.92,6.3,6.79,6.23,396900,0.06666666666666667,-0.0010009015228280827,0,1,0,0,0
74,2016-12-06,6.0,6.27,5.94,6.23,6.03,464100,0.044444444444444446,-0.00040309543504901777,0,1,1,1,1
75,2016-12-05,5.94,6.09,5.94,6.03,5.9,772700,0.022222222222222223,0.0002690926249786045,0,0,1,1,1
76,2016-12-02,5.82,6.0,5.75,5.9,5.81,1425800,0.0,0.0005332273455566027,0,0,0,1,1
77,2016-12-01,5.79,5.9,5.68,5.81,5.75,670500,-0.022222222222222223,0.0008544284950710054,0,0,0,0,1
78,2016-11-30,6.0,6.08,5.7,5.75,5.99,492400,-0.022222222222222223,0.00042751315230015634,0,0,0,0,1
79,2016-11-29,5.86,6.06,5.8,5.99,5.77,352800,-0.022222222222222223,0.0005233876661440143,0,0,0,0,0
80,2016-11-28,6.04,6.04,5.7,5.77,5.94,384100,-0.022222222222222223,0.000517263514191685,0,0,0,0,0
81,2016-11-25,6.01,6.06,5.9,5.94,6.01,246700,0.0,1.9015036145228097e-05,0,0,0,0,0
82,2016-11-23,5.93,6.09,5.93,6.01,5.9,255500,-0.022222222222222223,0.0003743266171916948,0,0,0,0,0
83,2016-11-22,6.1,6.1,5.83,5.9,6.02,355400,0.0,-0.00022640444799759468,0,0,0,0,0
84,2016-11-21,5.94,6.12,5.87,6.02,5.87,554700,-0.022222222222222223,0.00010862383662279748,0,0,0,0,0
85,2016-11-18,5.98,6.0,5.83,5.87,5.93,403900,0.0,-0.00021713935558701432,0,0,0,0,0
86,2016-11-17,5.93,6.14,5.92,5.93,5.87,119100,-0.022222222222222223,0.00034759407159772434,0,0,0,0,0
87,2016-11-16,5.65,5.95,5.61,5.87,5.69,330300,-0.022222222222222223,0.0001592090450525608,0,0,0,0,0
88,2016-11-15,5.4,5.75,5.4,5.69,5.38,349700,-0.022222222222222223,0.0005463055942756491,0,0,0,0,0
89,2016-11-14,5.15,5.39,5.14,5.38,5.07,417400,-0.022222222222222223,0.0008829546328565535,0,0,0,0,0
90,2016-11-11,5.1,5.18,4.9,5.07,5.08,324100,0.0,0.0008194245779695417,0,0,0,0,0
91,2016-11-10,5.1,5.18,5.0,5.08,4.99,918200,0.0,0.0009536183300663189,0,0,0,0,0
92,2016-11-09,4.69,5.06,4.69,4.99,4.87,707200,-0.022222222222222223,0.0014938712787277671,0,0,0,0,0
93,2016-11-08,4.73,4.87,4.62,4.87,4.76,1201900,-0.022222222222222223,0.0016013394992005264,0,0,0,0,0
94,2016-11-07,4.76,4.88,4.73,4.76,4.68,603500,-0.022222222222222223,0.0017050071344789372,0,0,0,0,0
95,2016-11-04,4.64,4.83,4.64,4.68,4.62,661900,-0.022222222222222223,0.0013452601645624767,0,0,0,0,0
96,2016-11-03,4.82,4.83,4.62,4.62,4.8,714000,0.0,0.0008685289186004598,0,0,0,0,0
97,2016-11-02,4.79,4.9,4.78,4.8,4.8,236200,-0.022222222222222223,0.001462588324541055,0,0,0,0,0
98,2016-11-01,4.92,4.97,4.8,4.8,4.88,100000,0.0,0.0012774031393558705,0,0,0,0,0
99,2016-10-31,4.89,4.91,4.86,4.88,4.91,92400,0.022222222222222223,8.127757955472794e-05,0,0,0,0,0
100,2016-10-28,4.85,4.95,4.84,4.91,4.85,118100,0.0,0.0006819549512314277,0,0,0,0,0
101,2016-10-27,5.06,5.12,4.85,4.85,5.02,108900,0.0,0.00047098506941320234,0,0,0,0,0
102,2016-10-26,5.02,5.2,5.0,5.02,5.06,88700,0.022222222222222223,9.15212013871449e-06,0,0,0,0,0
103,2016-10-25,5.12,5.15,4.95,5.06,5.18,125900,0.044444444444444446,-0.0008224052064839635,0,0,0,0,0
104,2016-10-24,5.34,5.39,5.15,5.18,5.29,88500,0.044444444444444446,-0.0005554818792158096,0,0,0,0,0
105,2016-10-21,5.1,5.36,5.08,5.29,5.15,91400,0.044444444444444446,-0.0006737971426210107,0,0,0,0,0
106,2016-10-20,4.94,5.23,4.93,5.15,4.97,95500,0.022222222222222223,4.7647779983971934e-05,0,0,0,0,0
107,2016-10-19,4.88,5.05,4.88,4.97,4.88,58800,0.0,0.000803255577845291,0,0,0,0,0
108,2016-10-18,4.79,4.91,4.75,4.88,4.73,114200,-0.022222222222222223,0.001672838437770627,0,0,0,0,0
109,2016-10-17,4.68,4.79,4.58,4.73,4.66,165400,-0.044444444444444446,0.002383377245640952,0,0,0,0,0
110,2016-10-14,4.68,4.78,4.62,4.66,4.67,137100,-0.022222222222222223,0.0022994735995055466,0,0,0,0,0
111,2016-10-13,4.8,4.9,4.66,4.67,4.86,129800,0.0,0.0014045814072481172,0,0,0,0,0
112,2016-10-12,5.33,5.33,4.82,4.86,5.35,86100,0.022222222222222223,0.0002843253487204543,0,0,0,0,0
113,2016-10-11,5.4,5.5,5.32,5.35,5.4,121900,0.022222222222222223,0.00034819807349954367,0,0,0,0,0
114,2016-10-10,5.29,5.46,5.28,5.4,5.23,126600,0.022222222222222223,0.0005534239520009271,0,0,0,0,0
115,2016-10-07,5.36,5.38,5.19,5.23,5.35,219200,0.022222222222222223,0.000444958657894344,0,0,0,0,0
116,2016-10-06,5.18,5.38,5.18,5.35,5.27,238800,0.022222222222222223,0.00019805365609930272,0,0,0,0,0
117,2016-10-05,5.1,5.39,5.07,5.27,5.06,329600,0.022222222222222223,0.000619361382909876,0,0,0,0,0
118,2016-10-04,5.21,5.21,5.04,5.06,5.19,132900,0.044444444444444446,0.0003338980539682848,0,0,0,0,0
119,2016-10-03,4.98,5.21,4.96,5.19,5.02,109000,0.044444444444444446,0.0006978458167599799,0,0,0,0,0
120,2016-09-30,4.85,5.04,4.85,5.02,4.84,98500,0.022222222222222223,0.0013756418323537403,0,0,0,0,0
121,2016-09-29,5.03,5.1,4.84,4.84,5.05,189200,0.022222222222222223,0.0009774056107899024,0,0,0,0,0
122,2016-09-28,4.95,5.07,4.92,5.05,4.92,246600,0.022222222222222223,0.0007848657575536439,0,0,0,0,0
123,2016-09-27,5.0,5.07,4.91,4.92,5.01,146900,0.022222222222222223,0.0010599785869598237,0,0,0,0,0
124,2016-09-26,5.04,5.05,4.97,5.01,5.09,252100,0.022222222222222223,0.0012994829012414131,0,0,0,0,0
125,2016-09-23,5.0,5.15,5.0,5.09,5.02,120800,0.022222222222222223,0.0013116409895478189,0,0,0,0,0
126,2016-09-22,4.98,5.1,4.98,5.02,4.95,165400,0.0,0.0015479768832542297,0,0,0,0,0
127,2016-09-21,4.99,5.05,4.88,4.95,4.96,105400,0.0,0.002070984739595419,0,0,0,0,0
128,2016-09-20,4.95,5.03,4.94,4.96,4.93,126100,-0.022222222222222223,0.002504066182977641,0,0,0,0,0
129,2016-09-19,4.95,5.07,4.91,4.93,4.95,111100,-0.022222222222222223,0.003260631248253924,0,0,0,0,0
130,2016-09-16,4.84,5.05,4.8,4.95,4.88,84200,-0.044444444444444446,0.0035568643144400416,0,0,0,0,0
131,2016-09-15,4.81,4.95,4.78,4.88,4.84,93900,-0.044444444444444446,0.003596419160542131,0,0,0,0,0
132,2016-09-14,4.89,4.89,4.76,4.84,4.84,74600,-0.044444444444444446,0.003510152769927913,0,0,0,0,0
133,2016-09-13,5.07,5.1,4.83,4.84,5.15,67900,-0.022222222222222223,0.0027811024143303944,0,0,0,0,0
134,2016-09-12,5.09,5.2,5.06,5.15,5.14,124200,-0.044444444444444446,0.003098741476529217,0,0,0,0,0
135,2016-09-09,5.2,5.25,5.0,5.14,5.29,419000,-0.044444444444444446,0.003215538999986079,0,0,0,0,0
136,2016-09-08,5.37,5.4,5.25,5.29,5.4,127600,-0.044444444444444446,0.0034576554867000522,0,0,0,0,0
137,2016-09-07,5.29,5.4,5.29,5.4,5.3,182300,-0.06666666666666667,0.004351992703415987,0,0,0,0,0
138,2016-09-06,5.29,5.39,5.25,5.3,5.33,267100,-0.044444444444444446,0.003360717658790259,0,0,0,0,0
139,2016-09-02,5.38,5.4,5.29,5.33,5.35,170400,-0.022222222222222223,0.0033029451785829902,0,0,0,0,0
140,2016-09-01,5.34,5.36,5.23,5.35,5.32,358800,-0.022222222222222223,0.0016422230993318567,0,0,0,0,0
141,2016-08-31,5.27,5.34,5.22,5.32,5.3,164300,-0.044444444444444446,0.002655978184586445,0,0,0,0,0
142,2016-08-30,5.29,5.39,5.25,5.3,5.35,102700,-0.022222222222222223,0.0018501399077643006,0,0,0,0,0
143,2016-08-29,5.3,5.42,5.26,5.35,5.29,217500,-0.044444444444444446,0.0021805118165370376,0,0,0,0,0
144,2016-08-26,5.32,5.38,5.28,5.29,5.33,104200,-0.022222222222222223,0.001692455449463657,0,0,0,0,0
145,2016-08-25,5.37,5.46,5.29,5.33,5.33,185000,-0.044444444444444446,0.002016450113080962,0,0,0,0,0
146,2016-08-24,5.37,5.44,5.27,5.33,5.43,257900,-0.022222222222222223,0.0017339124159091199,0,0,0,0,0
147,2016-08-23,5.4,5.52,5.37,5.43,5.36,97600,-0.022222222222222223,0.001728007144699238,0,0,0,0,0
148,2016-08-22,5.22,5.4,5.2,5.36,5.3,136000,-0.044444444444444446,0.0024381751256561334,0,0,0,0,0
149,2016-08-19,5.28,5.41,5.28,5.3,5.32,136900,-0.022222222222222223,0.0018936436401669238,0,0,0,0,0
150,2016-08-18,5.24,5.35,5.2,5.32,5.26,128200,-0.022222222222222223,0.001624145868665413,0,0,0,0,0
151,2016-08-17,5.32,5.32,5.21,5.26,5.31,279000,0.0,0.001323595167874568,0,0,0,0,0
152,2016-08-16,5.26,5.35,5.19,5.31,5.31,243400,-0.022222222222222223,0.001502166596445998,0,0,0,0,0
153,2016-08-15,5.28,5.44,5.25,5.31,5.33,206100,-0.022222222222222223,0.0019094478661779916,0,0,0,0,0
154,2016-08-12,5.3,5.33,5.16,5.33,5.38,150200,0.0,0.0016738346732477257,0,0,0,0,0
155,2016-08-11,5.37,5.47,5.32,5.38,5.4,139400,0.0,0.0022972967589155124,0,0,0,0,0
156,2016-08-10,5.3,5.64,5.28,5.4,5.33,337200,-0.022222222222222223,0.0024771719746330212,0,0,0,0,0
157,2016-08-09,5.47,5.52,5.32,5.33,5.47,182900,0.0,0.0015600996082625615,0,0,0,0,0
158,2016-08-08,5.49,5.68,5.43,5.47,5.53,139200,0.0,0.0018167954845530049,0,0,0,0,0
159,2016-08-05,5.3,5.65,5.3,5.53,5.3,297600,0.0,0.0020409567747581305,0,0,0,0,0
160,2016-08-04,5.37,5.43,5.28,5.3,5.43,241100,0.0,0.00197418140399953,0,0,0,0,0
161,2016-08-03,5.26,5.44,5.19,5.43,5.29,425400,0.0,0.0020219045757809634,0,0,0,0,0
162,2016-08-02,5.25,5.37,5.23,5.29,5.35,203900,0.022222222222222223,0.0015580427933936634,0,0,0,0,0
163,2016-08-01,5.36,5.45,5.05,5.35,5.53,111300,0.022222222222222223,0.0017455737741774342,0,0,0,0,0
164,2016-07-29,5.61,5.71,5.52,5.53,5.65,131700,0.022222222222222223,0.002020403496705375,0,0,0,0,0
165,2016-07-28,5.85,5.87,5.62,5.65,5.87,145700,0.044444444444444446,0.0015349322604943396,0,0,0,0,0
166,2016-07-27,5.97,6.04,5.77,5.87,5.92,168600,0.06666666666666667,0.0009095035027073758,0,0,0,0,0
167,2016-07-26,6.04,6.14,5.91,5.92,6.03,343900,0.08888888888888889,-2.1590634908502968e-05,0,0,0,0,0
168,2016-07-25,6.02,6.16,5.95,6.03,6.05,460200,0.1111111111111111,-5.844340807968277e-05,0,0,0,0,0
169,2016-07-22,5.9,6.11,5.82,6.05,5.88,423200,0.08888888888888889,0.0010885937220441277,0,0,0,0,0
170,2016-07-21,6.03,6.14,5.88,5.88,6.05,153900,0.08888888888888889,0.0008782803491445904,0,0,0,0,0
171,2016-07-20,5.86,6.13,5.78,6.05,5.85,163200,0.08888888888888889,0.0005866112241670926,0,0,0,0,0
172,2016-07-19,6.22,6.22,5.82,5.85,5.93,104800,0.08888888888888889,0.0007265499864059138,0,0,0,0,0
173,2016-07-18,5.7,5.98,5.66,5.93,5.73,160400,0.06666666666666667,0.0011202532914928798,0,0,0,0,0
174,2016-07-15,5.8,5.83,5.65,5.73,5.76,192200,0.06666666666666667,0.0023492273889882554,0,0,0,0,0
175,2016-07-14,5.67,5.87,5.59,5.76,5.65,127400,0.06666666666666667,0.0018319870252148116,0,0,0,0,0
176,2016-07-13,5.89,5.96,5.56,5.65,5.88,225300,0.08888888888888889,0.0009621018702350878,0,0,0,0,0
177,2016-07-12,5.69,5.97,5.67,5.88,5.6,218100,0.08888888888888889,0.0006611703299147538,0,0,0,0,0
178,2016-07-11,5.54,5.7,5.54,5.6,5.49,274500,0.08888888888888889,0.0007978748588211168,0,0,0,0,0
179,2016-07-08,5.43,5.65,5.43,5.49,5.34,241300,0.08888888888888889,0.0011014571296165028,0,0,0,0,0
180,2016-07-07,5.34,5.52,5.29,5.34,5.32,266600,0.08888888888888889,0.0008555384035631921,0,0,0,0,0
181,2016-07-06,5.12,5.4,5.12,5.32,5.29,255300,0.08888888888888889,0.0005808558083972279,0,0,0,0,0
182,2016-07-05,5.34,5.4,5.09,5.29,5.42,394400,0.08888888888888889,0.0003295477859003502,0,0,0,0,0
183,2016-07-01,5.38,5.63,5.33,5.42,5.35,170300,0.06666666666666667,0.0007768686653591446,0,0,0,0,0
184,2016-06-30,5.32,5.39,5.15,5.35,5.31,226200,0.044444444444444446,0.000986685105586731,0,0,0,0,0
185,2016-06-29,5.15,5.34,5.05,5.31,5.07,125100,0.044444444444444446,0.0012591411987386285,0,0,0,0,0
186,2016-06-28,5.15,5.39,5.01,5.07,5.05,198900,0.022222222222222223,0.0013242985206507129,0,0,0,0,0
187,2016-06-27,5.3,5.37,4.92,5.05,5.32,343900,0.044444444444444446,0.00032581169878844943,0,0,0,0,0
188,2016-06-24,4.95,5.38,4.8,5.32,5.32,389100,0.044444444444444446,-0.00022643040414947854,0,0,0,0,0
189,2016-06-23,4.86,5.54,4.86,5.32,4.78,423300,0.044444444444444446,0.00011105906568969574,0,0,0,0,0
190,2016-06-22,5.0,5.14,4.78,4.78,4.98,198300,0.06666666666666667,-0.001630117257076586,0,0,0,0,0
191,2016-06-21,5.14,5.21,4.91,4.98,5.06,407100,0.06666666666666667,-0.0015824286229812572,0,0,0,0,0
192,2016-06-20,4.96,5.18,4.96,5.06,4.89,627200,0.06666666666666667,-0.0012368389301076,0,0,0,0,0
193,2016-06-17,4.6,4.91,4.6,4.89,4.64,984500,0.044444444444444446,-0.0003632306592600636,0,0,0,0,0
194,2016-06-16,4.74,4.86,4.47,4.64,4.85,808600,0.06666666666666667,-0.0009742415568931605,0,0,0,0,0
195,2016-06-15,4.7,5.17,4.7,4.85,4.67,358500,0.044444444444444446,-0.00020697006797218783,0,0,0,0,0
196,2016-06-14,4.8,4.92,4.65,4.67,4.81,273100,0.06666666666666667,-0.000857525793474379,0,0,0,0,0
197,2016-06-13,5.03,5.09,4.8,4.81,5.05,324200,0.06666666666666667,-0.0013029938860012983,0,0,0,0,0
198,2016-06-10,5.22,5.27,4.96,5.05,5.29,820000,0.06666666666666667,-0.001264703649210628,0,0,0,0,0
199,2016-06-09,5.49,5.56,5.28,5.29,5.55,594100,0.08888888888888889,-0.0018364681736157602,0,0,0,0,0
200,2016-06-08,5.54,5.58,5.42,5.55,5.52,856800,0.08888888888888889,-0.0021879307473005555,0,0,0,0,0
201,2016-06-07,5.3,5.6,5.22,5.52,5.3,400000,0.06666666666666667,-0.0012376179763356138,0,0,0,0,0
202,2016-06-06,5.33,5.38,5.17,5.3,5.3,446800,0.044444444444444446,-0.0010843612713547696,0,0,0,0,0
203,2016-06-03,5.38,5.43,5.2,5.3,5.38,568900,0.06666666666666667,-0.0018819577383133207,0,0,0,0,0
204,2016-06-02,5.31,5.44,5.31,5.38,5.31,229900,0.044444444444444446,-0.0005888851046273043,0,0,0,0,0
205,2016-06-01,5.36,5.36,5.2,5.31,5.38,163100,0.044444444444444446,-0.00027542220115664537,0,0,0,0,0
206,2016-05-31,5.2,5.43,5.16,5.38,5.18,260800,0.044444444444444446,-0.00042024979928252854,0,0,0,0,0
207,2016-05-27,5.16,5.26,5.09,5.18,5.17,343700,0.044444444444444446,-0.0007414331601134669,0,0,0,0,0
208,2016-05-26,5.22,5.3,5.1,5.17,5.17,216700,0.022222222222222223,-0.00018587760455791201,0,0,0,0,0
209,2016-05-25,5.21,5.23,5.08,5.17,5.17,224300,0.0,0.0001989227802424731,0,0,0,0,0
210,2016-05-24,5.33,5.37,5.09,5.17,5.3,193200,0.0,-5.722185852479476e-05,0,0,0,0,0
211,2016-05-23,5.37,5.47,5.22,5.3,5.34,257400,0.0,0.00018367133703023488,0,0,0,0,0
212,2016-05-20,5.13,5.4,5.09,5.34,5.11,303200,0.0,-0.0003970344912996354,0,0,0,0,0
213,2016-05-19,5.3,5.47,5.1,5.11,5.33,258900,0.022222222222222223,-0.0014733066775908638,0,0,0,0,0
214,2016-05-18,5.51,5.62,5.33,5.33,5.53,347100,0.022222222222222223,0.005903341642301012,0,0,0,0,0
215,2016-05-17,5.46,5.72,5.37,5.53,5.46,460100,0.0,0.006647516937796785,0,0,0,0,0
216,2016-05-16,5.51,5.7,5.45,5.46,5.5,275900,0.0,0.006844995470810323,0,0,0,0,0
217,2016-05-13,5.77,5.81,5.49,5.5,5.77,341900,0.0,0.006886597053649021,0,0,0,0,0
218,2016-05-12,6.0,6.0,5.62,5.77,5.96,312400,0.0,0.006561519584944679,0,0,0,0,0
219,2016-05-11,6.33,6.36,5.75,5.96,6.39,216600,0.0,0.005827629695710218,0,0,0,0,0
220,2016-05-10,6.49,6.53,6.35,6.39,6.47,184000,0.022222222222222223,0.005230610995405133,0,0,0,0,0
221,2016-05-09,6.42,6.51,6.29,6.47,6.44,197800,0.022222222222222223,0.0051978493303309545,0,0,0,0,-1
222,2016-05-06,6.43,6.56,6.24,6.44,6.39,178100,0.0,0.0054822756643280466,0,0,0,0,0
223,2016-05-05,6.49,6.61,6.32,6.39,6.38,218000,-0.022222222222222223,0.005541382759812772,0,0,0,0,0
224,2016-05-04,6.5,6.85,6.36,6.38,6.55,416100,-0.022222222222222223,0.005300735683668235,0,0,0,0,0
225,2016-05-03,6.67,6.73,6.5,6.55,6.81,207400,-0.022222222222222223,0.005052680912097086,0,0,0,0,0
226,2016-05-02,7.08,7.12,6.73,6.81,7.1,216900,0.0,0.0040375151069882275,0,0,0,0,0
227,2016-04-29,7.5,7.61,7.0,7.1,7.54,225100,0.022222222222222223,0.0024515033097088244,0,0,0,0,0
228,2016-04-28,6.93,7.98,6.84,7.54,6.91,205100,0.0,0.004356175370202554,0,0,0,-1,-1
229,2016-04-27,6.92,7.34,6.78,6.91,6.9,303600,-0.022222222222222223,0.00447197022550537,0,0,0,0,0
230,2016-04-26,7.0,7.19,6.67,6.9,5.83,309700,-0.022222222222222223,0.00568673838850844,0,0,0,0,0
231,2016-04-25,6.32,6.32,5.79,5.83,6.34,426700,-0.022222222222222223,0.005617254767533722,1,1,1,1,0
232,2016-04-22,5.91,6.34,5.91,6.34,5.94,404700,-0.044444444444444446,0.00902763084733219,0,0,0,1,0
233,2016-04-21,6.1,6.17,5.89,5.94,6.05,815400,-0.022222222222222223,0.008590846428149534,0,0,0,0,1
234,2016-04-20,5.82,6.08,5.82,6.05,5.83,934200,-0.044444444444444446,0.009129703144963782,0,0,0,0,0
235,2016-04-19,6.03,6.09,5.77,5.83,6.0,2190100,-0.022222222222222223,0.008705808381446377,0,0,0,0,1
236,2016-04-18,5.93,6.05,5.88,6.0,5.96,709200,-0.044444444444444446,0.00919430897881794,0,0,0,0,0
237,2016-04-15,5.85,6.02,5.81,5.96,5.88,260800,-0.044444444444444446,0.009159885920151628,0,0,0,0,0
238,2016-04-14,6.19,6.25,5.87,5.88,6.19,184500,-0.044444444444444446,0.008760745148340045,0,0,0,0,0
239,2016-04-13,5.97,6.47,5.97,6.19,5.91,229800,-0.044444444444444446,0.009014994603077454,0,0,0,0,0
240,2016-04-12,5.72,6.08,5.71,5.91,5.7,178300,-0.06666666666666667,0.009641747341020914,0,0,0,0,0
241,2016-04-11,5.65,5.91,5.65,5.7,5.6,204200,-0.06666666666666667,0.009696032138810047,0,0,0,0,0
242,2016-04-08,5.74,5.81,5.46,5.6,5.69,116700,-0.06666666666666667,0.009616080039627176,0,0,0,0,0
243,2016-04-07,5.89,5.97,5.65,5.69,5.92,213500,-0.044444444444444446,0.008906277782118131,0,0,0,0,0
244,2016-04-06,5.87,6.08,5.76,5.92,5.85,357200,-0.06666666666666667,0.009549281897344468,0,0,0,0,0
245,2016-04-05,6.08,6.13,5.74,5.85,6.2,194300,-0.06666666666666667,0.009235391758892923,0,0,0,0,0
246,2016-04-04,6.24,6.39,6.14,6.2,6.22,141600,-0.06666666666666667,0.009302620996629075,0,0,0,0,0
247,2016-04-01,5.81,6.25,5.77,6.22,5.87,170300,-0.08888888888888889,0.009999331218767234,0,0,0,0,0
248,2016-03-31,6.04,6.05,5.77,5.87,6.07,186100,-0.08888888888888889,0.009661346971889377,0,0,0,0,0
249,2016-03-30,5.99,6.22,5.94,6.07,5.94,195000,-0.1111111111111111,0.010212727697248845,0,0,0,0,0
250,2016-03-29,5.97,6.0,5.77,5.94,6.05,329800,-0.08888888888888889,0.009721813971330205,0,0,0,0,0
251,2016-03-28,5.97,6.13,5.69,6.05,5.92,249400,-0.1111111111111111,0.010697269125631036,0,0,0,0,0
252,2016-03-24,5.66,5.95,5.41,5.92,5.74,222700,-0.13333333333333333,0.011082428561046008,0,0,0,0,0
253,2016-03-23,6.01,6.03,5.39,5.74,6.03,266200,-0.13333333333333333,0.010832063825482983,0,0,0,0,0
254,2016-03-22,6.27,6.34,6.0,6.03,6.31,291100,-0.1111111111111111,0.010224449166836354,0,0,0,0,0
255,2016-03-21,6.27,6.43,6.03,6.31,6.28,282300,-0.13333333333333333,0.010656273334984822,0,0,0,0,0
256,2016-03-18,6.08,6.32,5.97,6.28,5.98,185400,-0.13333333333333333,0.01116918100363343,0,0,0,0,0
257,2016-03-17,5.69,6.13,5.62,5.98,5.59,198600,-0.13333333333333333,0.011419290974165223,0,0,0,0,0
258,2016-03-16,5.6,5.74,5.52,5.59,5.59,318400,-0.15555555555555556,0.011634405078168215,0,0,0,0,0
259,2016-03-15,6.0,6.03,5.57,5.59,6.01,169800,-0.13333333333333333,0.010460100301228674,0,0,0,0,0
260,2016-03-14,6.07,6.14,5.83,6.01,6.07,297300,-0.1111111111111111,0.010036851523165231,0,0,0,0,0
261,2016-03-11,5.78,6.14,5.75,6.07,5.71,348200,-0.1111111111111111,0.010491331128856168,0,0,0,0,0
262,2016-03-10,5.88,5.9,5.62,5.71,5.86,320800,-0.08888888888888889,0.01013000110355942,0,0,0,0,0
263,2016-03-09,5.89,6.05,5.81,5.86,5.87,183300,-0.06666666666666667,0.009971277759183427,0,0,0,0,0
264,2016-03-08,6.47,6.59,5.85,5.87,6.55,163700,-0.06666666666666667,0.009149199559963543,0,0,0,0,0
265,2016-03-07,6.06,6.58,6.04,6.55,6.12,143700,-0.08888888888888889,0.010063007798015925,0,0,0,0,0
266,2016-03-04,5.92,6.36,5.82,6.12,5.89,187900,-0.1111111111111111,0.01102468303703097,0,0,0,0,0
267,2016-03-03,5.42,6.04,5.42,5.89,5.45,196600,-0.13333333333333333,0.011863815115551844,0,0,0,0,0
268,2016-03-02,5.33,5.49,5.33,5.45,5.41,150800,-0.15555555555555556,0.0119544571171835,0,0,1,0,0
269,2016-03-01,5.41,5.58,5.32,5.41,5.41,382200,-0.15555555555555556,0.01192720173424537,0,0,0,1,0
270,2016-02-29,5.28,5.7,5.27,5.41,5.27,346200,-0.17777777777777778,0.012442421811751439,0,0,0,0,1
271,2016-02-26,5.12,5.44,5.08,5.27,5.11,522300,-0.17777777777777778,0.012779761048521415,0,0,0,0,0
272,2016-02-25,5.13,5.23,4.94,5.11,5.12,1248200,-0.15555555555555556,0.011838784705663574,0,0,0,0,0
273,2016-02-24,5.25,5.25,5.05,5.12,5.26,345000,-0.15555555555555556,0.012089547864838512,0,0,0,0,0
274,2016-02-23,5.35,5.35,5.19,5.26,5.32,487500,-0.15555555555555556,0.01264856180160387,0,0,0,0,0
275,2016-02-22,5.37,5.38,5.23,5.32,5.21,446000,-0.15555555555555556,0.012153854885058777,0,0,0,0,0
276,2016-02-19,5.21,5.23,5.02,5.21,5.22,369900,-0.13333333333333333,0.011992472353799312,0,0,0,0,0
277,2016-02-18,5.07,5.28,4.91,5.22,5.03,305500,-0.15555555555555556,0.012671131448207978,0,0,0,0,0
278,2016-02-17,4.85,5.33,4.8,5.03,4.78,394500,-0.17777777777777778,0.013804768899983114,0,0,0,0,0
279,2016-02-16,4.52,4.99,4.52,4.78,4.44,380100,-0.2,0.01713828936751038,0,0,0,0,0
280,2016-02-12,3.98,4.51,3.89,4.44,3.93,362100,-0.2,0.018107707726138757,0,0,0,0,0
281,2016-02-11,3.95,4.03,3.77,3.93,4.01,453500,-0.17777777777777778,0.017551276356533654,0,0,1,1,1
282,2016-02-10,4.03,4.25,3.97,4.01,4.0,452500,-0.17777777777777778,0.01711759767599425,0,0,0,1,1
283,2016-02-09,4.04,4.09,3.97,4.0,4.11,561900,-0.17777777777777778,0.01692252191841849,0,0,0,0,1
284,2016-02-08,4.05,4.23,3.94,4.11,4.07,1019200,-0.2,0.017733894133283266,0,0,0,0,0
285,2016-02-05,4.2,4.26,4.07,4.07,4.2,410200,-0.2,0.017467177199899667,0,0,0,0,0
286,2016-02-04,4.09,4.28,4.04,4.2,4.08,276200,-0.2222222222222222,0.018120012262183547,0,0,0,0,0
287,2016-02-03,4.19,4.19,3.93,4.08,4.12,310700,-0.2222222222222222,0.01806061978615563,0,0,0,0,0
288,2016-02-02,4.32,4.32,4.08,4.12,4.33,326100,-0.2,0.017318133574916534,0,0,0,0,0
289,2016-02-01,4.31,4.38,4.17,4.33,4.32,351300,-0.2222222222222222,0.01759436707729346,0,0,0,0,0
290,2016-01-29,4.17,4.36,4.16,4.32,4.16,251600,-0.24444444444444444,0.018124913025468058,0,0,0,0,0
291,2016-01-28,4.41,4.45,4.13,4.16,4.35,440500,-0.24444444444444444,0.018074624721926023,0,0,0,0,0
292,2016-01-27,4.45,4.56,4.34,4.35,4.41,339600,-0.24444444444444444,0.018313916230298915,0,0,0,0,0
293,2016-01-26,4.2,4.52,4.15,4.41,4.16,260700,-0.24444444444444444,0.018866681307799855,0,0,0,0,0
294,2016-01-25,4.52,4.56,4.14,4.16,4.59,321700,-0.2222222222222222,0.017491683796736532,0,0,0,0,0
295,2016-01-22,4.92,5.03,4.58,4.59,4.78,542100,-0.2,0.016727876343102265,0,0,0,0,0
296,2016-01-21,4.52,5.1,4.51,4.78,4.54,256900,-0.2222222222222222,0.017706836921915776,0,0,0,0,0
297,2016-01-20,4.33,4.6,4.09,4.54,4.4,325300,-0.2222222222222222,0.01800366478135941,0,0,0,0,0
298,2016-01-19,4.63,4.68,4.28,4.4,4.62,424400,-0.2222222222222222,0.017467822084730193,0,0,0,0,0
299,2016-01-15,4.65,4.68,4.37,4.62,4.78,449200,-0.2,0.016728829801646503,0,0,0,0,0
300,2016-01-14,4.79,4.87,4.65,4.78,4.79,423800,-0.2,0.01685463696734368,0,0,0,0,0
301,2016-01-13,4.93,5.15,4.79,4.79,4.93,615100,-0.2,0.016549941816935636,0,0,0,0,0
302,2016-01-12,4.6,5.03,4.6,4.93,4.46,714400,-0.2,0.017469076628555912,0,0,0,0,0
303,2016-01-11,4.23,4.54,4.23,4.46,4.22,641900,-0.2222222222222222,0.018384636677583555,0,0,0,0,0
304,2016-01-08,5.12,5.15,4.02,4.22,7.18,800500,-0.2,0.010538495239888269,0,0,0,0,0
305,2016-01-07,7.46,7.95,7.06,7.18,7.57,595200,-0.17777777777777778,0.009492635105601676,-1,-1,-1,-1,-1
306,2016-01-06,7.61,7.71,7.36,7.57,7.76,1732400,-0.15555555555555556,0.009021237239262866,0,-1,-1,-1,-1
307,2016-01-05,8.2,8.25,7.61,7.76,8.17,1748200,-0.13333333333333333,0.008329227290650568,0,0,-1,-1,-1
308,2016-01-04,8.04,8.28,7.91,8.17,8.2,2233000,-0.13333333333333333,0.008344936764466196,0,0,0,-1,-1
309,2015-12-31,8.12,8.21,7.87,8.2,8.25,8768600,-0.13333333333333333,0.008551274919625103,0,0,0,-1,-1
310,2015-12-30,7.89,8.53,7.8,8.25,7.91,1051300,-0.15555555555555556,0.009269817676949956,0,0,0,0,-1
311,2015-12-29,7.87,7.98,7.7,7.91,7.85,281800,-0.15555555555555556,0.008804574984693163,0,0,0,0,0
312,2015-12-28,7.94,7.98,7.82,7.85,7.99,372300,-0.15555555555555556,0.008747418989420837,0,0,0,0,0
313,2015-12-24,8.0,8.06,7.83,7.99,8.02,349500,-0.15555555555555556,0.008872785248030788,0,0,0,0,0
314,2015-12-23,8.01,8.3,8.01,8.02,8.06,349100,-0.15555555555555556,0.00885166109983196,0,0,0,0,0
315,2015-12-22,8.16,8.25,7.95,8.06,8.2,363200,-0.15555555555555556,0.008809090799308115,0,0,0,0,0
316,2015-12-21,7.55,8.42,7.54,8.2,7.8,393400,-0.17777777777777778,0.009486022355868656,0,0,0,0,0
317,2015-12-18,7.13,7.83,7.12,7.8,7.17,184300,-0.2,0.010483438257303752,0,0,0,0,0
318,2015-12-17,7.76,7.88,7.16,7.17,7.8,73700,-0.2,0.009659083025575126,0,1,0,0,0
319,2015-12-16,7.81,8.15,7.68,7.8,7.87,199700,-0.17777777777777778,0.009494201418290797,0,0,0,0,0
320,2015-12-15,7.57,7.98,7.45,7.87,7.51,224100,-0.17777777777777778,0.009832024717895916,0,0,0,0,0
321,2015-12-14,8.11,8.37,7.41,7.51,8.12,426400,-0.17777777777777778,0.009235761597495219,0,0,0,0,0
322,2015-12-11,9.4,9.47,7.94,8.12,10.1,559900,-0.17777777777777778,0.006630061855529466,0,0,0,0,0
323,2015-12-10,9.89,10.11,9.76,10.1,9.89,489700,-0.17777777777777778,0.006841829548806391,-1,-1,-1,-1,-1
324,2015-12-09,9.95,10.1,9.77,9.89,10.01,602900,-0.17777777777777778,0.007285716263242376,0,-1,-1,-1,-1
325,2015-12-08,9.79,10.09,9.7,10.01,9.92,552800,-0.2,0.00754452175368153,0,0,-1,-1,-1
326,2015-12-07,10.13,10.28,9.85,9.92,10.29,756700,-0.17777777777777778,0.007087916394397113,0,0,0,-1,-1
327,2015-12-04,10.12,10.41,10.04,10.29,10.12,1306500,-0.17777777777777778,0.007047686456843523,0,0,0,0,-1
328,2015-12-03,10.33,10.39,10.05,10.12,10.29,207700,-0.15555555555555556,0.006824000937397863,0,0,0,0,0
329,2015-12-02,10.03,10.41,10.01,10.29,10.06,90700,-0.17777777777777778,0.007326286476101203,0,0,0,0,0
330,2015-12-01,10.28,10.37,10.0,10.06,10.27,181300,-0.15555555555555556,0.006900582152843051,0,0,0,0,0
331,2015-11-30,10.2,10.46,10.2,10.27,10.14,114900,-0.17777777777777778,0.007096692242884082,0,0,0,0,0
332,2015-11-27,10.23,10.31,10.14,10.14,10.23,195200,-0.17777777777777778,0.00704712858898301,0,0,0,0,0
333,2015-11-25,10.0,10.45,10.0,10.23,9.99,158200,-0.17777777777777778,0.007204014719313549,0,0,0,0,0
334,2015-11-24,10.42,10.42,9.71,9.99,10.45,138000,-0.15555555555555556,0.00663076568704397,0,0,0,0,0
335,2015-11-23,10.73,10.85,10.42,10.45,10.78,234800,-0.15555555555555556,0.006484387471566626,0,0,0,0,0
336,2015-11-20,10.97,11.04,10.68,10.78,10.88,373700,-0.15555555555555556,0.006405655114805009,0,0,0,0,0
337,2015-11-19,10.95,11.05,10.85,10.88,10.95,95600,-0.15555555555555556,0.006583105662355791,0,0,0,0,0
338,2015-11-18,11.01,11.07,10.86,10.95,10.99,323900,-0.13333333333333333,0.006542517128616573,0,0,0,0,0
339,2015-11-17,11.41,11.41,10.91,10.99,11.3,580000,-0.1111111111111111,0.006045005032871874,0,0,0,0,0
340,2015-11-16,11.0,11.32,10.97,11.3,11.01,493700,-0.1111111111111111,0.006022185823560604,0,0,0,0,0
341,2015-11-13,11.61,11.75,10.9,11.01,11.74,167600,-0.1111111111111111,0.0053103256170123556,0,0,0,0,0
342,2015-11-12,11.69,11.93,11.55,11.74,11.79,168400,-0.08888888888888889,0.004996535654807349,0,0,0,0,0
343,2015-11-11,12.12,12.22,11.73,11.79,12.12,169900,-0.06666666666666667,0.004558552871980903,0,0,0,0,0
344,2015-11-10,11.98,12.23,11.88,12.12,12.02,143900,-0.06666666666666667,0.0044768195761045815,0,0,-1,0,-1
345,2015-11-09,12.36,12.43,11.91,12.02,12.43,182800,-0.044444444444444446,0.0036541594709968033,0,0,0,-1,0
346,2015-11-06,12.4,12.6,12.31,12.43,12.41,329800,-0.06666666666666667,0.004025418948399171,0,0,0,0,-1
347,2015-11-05,11.89,12.44,11.88,12.41,11.88,91200,-0.08888888888888889,0.0045262912533948355,0,0,0,0,0
348,2015-11-04,12.16,12.42,11.82,11.88,12.11,112300,-0.08888888888888889,0.004613431568210425,0,0,0,0,0
349,2015-11-03,11.67,12.26,11.61,12.11,11.74,145900,-0.1111111111111111,0.004978498512873872,0,0,0,0,0
350,2015-11-02,11.4,11.79,11.3,11.74,11.41,157200,-0.1111111111111111,0.005118505657048888,0,0,0,0,0
351,2015-10-30,11.18,11.59,11.15,11.41,11.2,161000,-0.1111111111111111,0.0052063185133937855,0,0,0,0,1
352,2015-10-29,11.07,11.37,10.94,11.2,11.13,166900,-0.1111111111111111,0.005079222720882895,0,0,0,0,1
353,2015-10-28,10.99,11.34,10.86,11.13,10.99,199100,-0.13333333333333333,0.005319024473869207,0,0,0,0,0
354,2015-10-27,11.4,11.5,10.87,10.99,11.45,174100,-0.13333333333333333,0.005058861041214262,0,0,0,0,1
355,2015-10-26,11.63,11.87,11.35,11.45,11.64,153500,-0.1111111111111111,0.004595408736484432,0,0,0,0,0
356,2015-10-23,12.24,12.24,11.4,11.64,12.21,288300,-0.08888888888888889,0.004011362527285377,0,0,0,0,0
357,2015-10-22,12.37,12.44,12.13,12.21,12.22,367800,-0.08888888888888889,0.004069076847051065,0,0,-1,-1,-1
358,2015-10-21,12.33,12.48,12.12,12.22,12.23,273600,-0.08888888888888889,0.004206096392092509,0,0,0,-1,-1
359,2015-10-20,12.14,12.5,12.1,12.23,12.2,476000,-0.1111111111111111,0.004279237711359887,0,0,0,0,-1
360,2015-10-19,12.42,12.55,12.06,12.2,12.45,286300,-0.08888888888888889,0.0040058537893052585,0,0,0,0,0
361,2015-10-16,12.44,12.55,12.22,12.45,12.45,313000,-0.08888888888888889,0.0040058537893052585,0,0,0,0,0
362,2015-10-15,11.59,12.55,11.59,12.45,11.42,165500,-0.08888888888888889,0.004898864709650357,0,0,0,0,0
363,2015-10-14,12.04,12.06,11.3,11.42,11.99,140700,-0.06666666666666667,0.004186584491207401,1,1,0,0,0
364,2015-10-13,12.74,12.89,11.92,11.99,12.73,135600,-0.06666666666666667,0.0038540911894785314,0,0,0,0,0
365,2015-10-12,11.91,12.76,11.9,12.73,11.9,223600,-0.08888888888888889,0.0048821560326507835,0,-1,0,0,0
366,2015-10-09,11.81,12.28,11.75,11.9,11.75,199400,-0.1111111111111111,0.00507880515070208,0,0,0,0,0
367,2015-10-08,12.1,12.25,11.5,11.75,12.04,492200,-0.1111111111111111,0.004879647921664533,0,0,0,0,0
368,2015-10-07,12.7,12.98,12.01,12.04,12.67,378200,-0.1111111111111111,0.004596538694406834,0,0,0,0,0
369,2015-10-06,13.8,14.28,12.55,12.67,15.57,312700,-0.1111111111111111,0.00211386512663001,0,0,0,0,0
370,2015-10-05,15.14,16.1,14.95,15.57,15.14,391200,-0.1111111111111111,0.0021739432066649397,-1,-1,-1,-1,-1
371,2015-10-02,14.52,15.3,14.08,15.14,14.69,341300,-0.1111111111111111,0.002344146173777209,0,-1,-1,-1,-1
372,2015-10-01,14.13,14.91,12.58,14.69,14.08,407800,-0.1111111111111111,0.0027930413248055553,0,0,-1,-1,-1
373,2015-09-30,14.37,14.42,13.41,14.08,14.22,744600,-0.08888888888888889,0.0025950226035468247,0,1,1,-1,-1
374,2015-09-29,15.11,15.15,13.96,14.22,15.12,2082400,-0.06666666666666667,0.0018035549078569764,0,0,0,1,-1
375,2015-09-28,15.16,15.27,14.7,15.12,15.24,1017400,-0.044444444444444446,0.0017026651779735369,0,-1,0,0,0
376,2015-09-25,15.78,16.049999,15.0,15.24,15.7,340400,-0.044444444444444446,0.0015008533740776995,0,-1,-1,0,0
377,2015-09-24,15.65,15.9,15.49,15.7,15.77,839600,-0.044444444444444446,0.0015707207537422865,0,0,-1,-1,-1
378,2015-09-23,15.53,15.81,15.26,15.77,15.52,425200,-0.044444444444444446,0.0008017660463068236,0,0,0,-1,-1
379,2015-09-22,15.7,15.7,15.09,15.52,15.87,390800,-0.044444444444444446,0.0008841868526234009,0,0,0,0,-1
380,2015-09-21,16.1,16.379999,15.77,15.87,16.040001,299700,-0.022222222222222223,0.0005540260348946348,0,0,0,0,0
381,2015-09-18,16.549999,16.559999,15.9,16.040001,16.700001,219000,0.0,4.9755399259088194e-05,0,0,0,0,0
382,2015-09-17,17.290001,17.309999,16.6,16.700001,17.290001,237600,0.022222222222222223,-0.0006940261598487811,0,0,-1,0,-1
383,2015-09-16,17.24,17.700001,17.01,17.290001,17.17,192400,0.0,-0.0004913596794995487,0,-1,-1,-1,-1
384,2015-09-15,16.77,17.35,16.73,17.17,16.82,181800,-0.022222222222222223,-5.105929609777876e-05,0,0,-1,-1,-1
385,2015-09-14,16.33,16.83,16.18,16.82,16.360001,100600,-0.044444444444444446,0.00040844785363422487,0,0,0,0,0
386,2015-09-11,16.860001,16.860001,16.209999,16.360001,16.98,290800,-0.044444444444444446,0.00011416079073551514,0,0,0,0,0
387,2015-09-10,16.860001,17.219999,16.639999,16.98,16.91,111300,-0.06666666666666667,0.00039089861761084445,0,0,0,0,0
388,2015-09-09,17.059999,17.18,16.639999,16.91,16.940001,278800,-0.06666666666666667,0.0010628016450231839,0,0,0,0,0
389,2015-09-08,16.58,17.0,16.549999,16.940001,16.4,83100,-0.06666666666666667,0.001167510763703229,0,0,0,0,0
390,2015-09-04,16.42,16.83,16.379999,16.4,16.620001,96900,-0.06666666666666667,0.0014915373382897031,0,0,0,0,0
391,2015-09-03,16.620001,17.02,16.469999,16.620001,16.65,110000,-0.06666666666666667,0.0033103975081459507,0,0,0,0,0
392,2015-09-02,16.620001,16.790001,16.41,16.65,16.440001,104500,-0.06666666666666667,0.0033378368170993255,0,0,0,0,0
393,2015-09-01,16.66,16.99,16.360001,16.440001,16.91,176800,-0.06666666666666667,0.003165089652153581,0,0,0,0,0
394,2015-08-31,16.76,17.16,16.549999,16.91,16.83,105200,-0.08888888888888889,0.0033709117178866007,0,0,0,0,0
395,2015-08-28,16.200001,16.92,16.18,16.83,16.16,87300,-0.1111111111111111,0.004029923310797759,0,0,0,0,0
396,2015-08-27,16.0,16.379999,15.76,16.16,15.88,101600,-0.13333333333333333,0.0044498056509000945,0,0,0,0,0
397,2015-08-26,15.98,15.98,15.27,15.88,15.73,65200,-0.13333333333333333,0.004278676949107089,0,0,1,0,0
398,2015-08-25,16.1,16.629999,15.69,15.73,15.81,96700,-0.13333333333333333,0.004256936587697298,0,0,1,1,0
399,2015-08-24,15.55,16.0,15.0,15.81,16.200001,115700,-0.13333333333333333,0.004002653161160312,0,0,0,1,1
400,2015-08-21,16.18,16.530001,16.08,16.200001,16.58,179800,-0.13333333333333333,0.003944671635966976,0,0,0,0,0
401,2015-08-20,16.01,17.02,16.01,16.58,15.76,112100,-0.13333333333333333,0.004198094655360784,0,0,0,0,0
402,2015-08-19,15.96,15.97,15.74,15.76,15.96,146000,-0.1111111111111111,0.004007219873661754,0,0,0,0,0
403,2015-08-18,16.18,16.18,15.9,15.96,16.200001,231700,-0.1111111111111111,0.004080591667915449,0,0,0,0,0
404,2015-08-17,16.139999,16.290001,15.87,16.200001,16.25,362000,-0.08888888888888889,0.00375699802835361,0,0,0,0,0
405,2015-08-14,16.41,16.65,16.049999,16.25,16.469999,229000,-0.06666666666666667,0.0034404333160744966,0,0,0,0,0
406,2015-08-13,16.73,16.76,16.309999,16.469999,16.67,457900,-0.044444444444444446,0.003070405983615992,0,0,0,0,0
407,2015-08-12,16.809999,17.049999,16.17,16.67,16.82,144700,-0.022222222222222223,0.002364745139240473,0,0,0,0,0
408,2015-08-11,16.93,17.08,16.75,16.82,17.049999,139000,0.0,0.0014451932361662088,0,0,0,0,0
409,2015-08-10,16.969999,17.200001,16.870001,17.049999,16.950001,194000,-0.022222222222222223,0.0017001912677314058,0,0,0,0,0
410,2015-08-07,16.6,16.959999,16.57,16.950001,16.690001,136900,-0.022222222222222223,0.001858963137717466,0,0,0,0,0
411,2015-08-06,17.09,17.09,16.5,16.690001,17.15,63700,0.0,0.0013191753662695484,0,0,0,0,0
412,2015-08-05,17.4,17.709999,16.92,17.15,17.309999,123500,0.022222222222222223,0.0010067733189955265,0,0,0,0,0
413,2015-08-04,17.33,17.450001,17.0,17.309999,17.280001,122100,0.0,0.0014940556900259016,0,0,0,0,0
414,2015-08-03,18.27,18.27,17.139999,17.280001,18.18,123600,0.0,0.0014286224477062888,0,0,0,0,0
415,2015-07-31,18.43,18.860001,18.110001,18.18,18.440001,92700,0.022222222222222223,0.0012195414425159555,0,0,-1,-1,-1
416,2015-07-30,18.299999,18.65,18.110001,18.440001,18.370001,138900,0.022222222222222223,0.0006848828009043181,0,-1,-1,-1,-1
417,2015-07-29,18.049999,18.49,17.959999,18.370001,18.0,183300,0.0,0.0012749142922732224,0,0,-1,-1,-1
418,2015-07-28,18.15,18.15,17.67,18.0,17.940001,83800,0.0,0.0010774908275406913,0,0,0,0,0
419,2015-07-27,18.299999,18.379999,17.84,17.940001,18.35,199100,0.022222222222222223,0.0006950383273554452,0,0,0,0,0
420,2015-07-24,18.049999,18.5,17.879999,18.35,18.030001,93500,0.022222222222222223,0.000817879568808198,0,0,0,0,0
421,2015-07-23,18.129999,18.290001,17.9,18.030001,18.120001,233000,0.022222222222222223,0.0009111197620187303,0,0,0,0,0
422,2015-07-22,18.120001,18.450001,18.0,18.120001,18.200001,87100,0.022222222222222223,0.0008679342514663849,0,0,0,0,0
423,2015-07-21,18.07,18.280001,17.969999,18.200001,18.030001,133500,0.022222222222222223,0.0007429255096988688,0,0,0,0,0
424,2015-07-20,18.0,18.18,17.709999,18.030001,17.93,132900,0.022222222222222223,0.0006488177476167119,0,0,0,0,0
425,2015-07-17,18.25,18.379999,17.77,17.93,18.26,196800,0.044444444444444446,0.00037749355051028006,0,0,0,0,0
426,2015-07-16,18.34,18.530001,18.200001,18.26,18.299999,135100,0.06666666666666667,0.00033481920877891856,0,0,0,0,0
427,2015-07-15,18.74,18.92,18.26,18.299999,18.709999,146600,0.06666666666666667,0.0003797286875159728,0,0,0,0,0
428,2015-07-14,18.65,19.0,18.530001,18.709999,18.709999,130900,0.044444444444444446,0.00040358566977107425,0,0,0,0,0
429,2015-07-13,18.620001,18.950001,18.469999,18.709999,18.4,138100,0.022222222222222223,0.0007900263479101488,0,0,0,0,0
430,2015-07-10,18.0,18.66,17.879999,18.4,17.889999,141500,0.022222222222222223,0.0009518760421341377,0,0,0,0,0
431,2015-07-09,17.940001,18.25,17.370001,17.889999,17.93,130600,0.044444444444444446,0.0007256581602525126,0,0,0,0,0
432,2015-07-08,18.41,19.200001,17.32,17.93,17.5,134400,0.022222222222222223,0.0010765751917883358,0,0,0,0,0
433,2015-07-07,17.219999,17.790001,16.629999,17.5,17.299999,197200,0.022222222222222223,0.0011796141909086641,0,0,0,1,1
434,2015-07-06,16.860001,17.57,16.77,17.299999,17.030001,230500,0.0,0.001587004602532557,0,0,0,1,1
435,2015-07-02,16.360001,17.610001,16.309999,17.030001,16.35,268000,0.0,0.0019777846683106995,0,0,0,0,1
436,2015-07-01,16.98,17.030001,16.08,16.35,16.870001,644600,0.0,0.002067194441605136,0,0,1,1,1
437,2015-06-30,17.02,17.1,16.809999,16.870001,16.91,1826400,0.0,0.002216855638414074,0,0,0,0,1
438,2015-06-29,17.08,17.219999,16.82,16.91,17.370001,953500,0.0,0.0019984386930726713,0,0,0,0,0
439,2015-06-26,17.4,17.5,17.129999,17.370001,17.41,452500,0.022222222222222223,0.0018951900432920788,0,0,-1,0,0
440,2015-06-25,17.17,17.6,17.0,17.41,17.139999,367900,0.0,0.002223921852308583,0,0,0,-1,0
441,2015-06-24,16.85,17.459999,16.790001,17.139999,16.959999,201300,0.0,0.0022579770033812102,0,0,0,0,0
442,2015-06-23,16.690001,17.27,16.620001,16.959999,16.66,163900,0.0,0.002437867223686527,0,0,0,0,0
443,2015-06-22,16.950001,16.950001,16.58,16.66,16.809999,223400,0.022222222222222223,0.0020654694731906307,0,0,0,0,0
444,2015-06-19,17.18,17.35,16.809999,16.809999,17.120001,225000,0.044444444444444446,0.0016269454173491692,0,0,0,0,0
445,2015-06-18,16.68,17.34,16.65,17.120001,16.690001,144500,0.022222222222222223,0.001999147333523955,0,0,0,0,0
446,2015-06-17,16.73,16.940001,16.59,16.690001,16.629999,126600,0.0,0.0020506367524342605,0,0,0,0,0
447,2015-06-16,16.68,17.24,16.530001,16.629999,16.73,232500,0.022222222222222223,0.0019376948793143971,0,0,0,0,0
448,2015-06-15,16.879999,17.09,16.389999,16.73,16.950001,166600,0.044444444444444446,0.001762631352039638,0,0,0,0,0
449,2015-06-12,17.0,17.059999,16.73,16.950001,17.02,214100,0.06666666666666667,0.0014439026056814529,0,0,0,0,0
450,2015-06-11,17.049999,17.17,16.700001,17.02,16.950001,151300,0.06666666666666667,0.0012217899097433907,0,0,0,0,0
451,2015-06-10,17.08,17.18,16.639999,16.950001,16.950001,137100,0.044444444444444446,0.0017584413601023554,0,0,0,0,0
452,2015-06-09,16.860001,17.440001,16.84,16.950001,16.91,177200,0.044444444444444446,0.0015461527449173963,0,0,0,0,0
453,2015-06-08,16.57,17.41,16.57,16.91,16.67,271500,0.022222222222222223,0.0018346386530820654,0,0,0,0,0
454,2015-06-05,17.18,17.860001,16.51,16.67,17.200001,68100,0.022222222222222223,0.0015871394517060539,0,0,0,0,0
455,2015-06-04,17.559999,17.690001,17.16,17.200001,17.67,66400,0.044444444444444446,0.0011321925867823937,0,0,0,0,0
456,2015-06-03,17.77,18.08,17.4,17.67,17.76,126800,0.044444444444444446,0.0010992030787956943,0,0,0,0,0
457,2015-06-02,17.799999,18.15,17.709999,17.76,17.879999,46900,0.044444444444444446,0.001230215882159146,0,0,-1,0,0
458,2015-06-01,18.379999,18.4,17.76,17.879999,18.360001,158300,0.06666666666666667,0.00047523011836494696,0,0,0,-1,0
459,2015-05-29,18.41,18.870001,18.07,18.360001,18.459999,245600,0.08888888888888889,0.0002459064006800091,0,0,0,-1,-1
460,2015-05-28,17.969999,18.469999,17.91,18.459999,18.049999,101200,0.08888888888888889,7.027974915921586e-05,0,0,0,0,-1
461,2015-05-27,17.799999,18.32,17.65,18.049999,17.790001,123400,0.06666666666666667,0.00042760473458872177,0,0,0,0,0
462,2015-05-26,17.76,17.950001,17.389999,17.790001,17.77,101900,0.06666666666666667,9.619568888802648e-05,0,0,0,0,0
463,2015-05-22,17.700001,18.110001,17.450001,17.77,17.629999,114400,0.044444444444444446,0.0009257671755834834,0,0,0,0,0
464,2015-05-21,17.549999,17.889999,17.389999,17.629999,17.49,202400,0.044444444444444446,0.0009051268339845648,0,0,0,0,0
465,2015-05-20,17.459999,17.530001,17.040001,17.49,17.469999,153800,0.022222222222222223,0.0027625572483770447,0,0,0,0,0
466,2015-05-19,17.68,17.780001,17.16,17.469999,17.68,227100,0.044444444444444446,0.002173234948122828,0,0,0,0,0
467,2015-05-18,17.58,18.299999,17.25,17.68,17.870001,128700,0.06666666666666667,0.0010377672745168153,0,0,0,0,0
468,2015-05-15,16.389999,17.91,15.8,17.870001,16.35,243600,0.06666666666666667,0.0018866650549200833,0,0,0,0,0
469,2015-05-14,17.0,17.200001,16.299999,16.35,16.84,150500,0.06666666666666667,0.002196562704512708,1,1,1,1,1
470,2015-05-13,16.5,16.9,16.34,16.84,16.52,130500,0.06666666666666667,0.00226436801374001,0,1,0,0,0
471,2015-05-12,16.34,16.629999,16.110001,16.52,16.450001,181500,0.044444444444444446,0.002398572678829615,0,0,1,1,0
472,2015-05-11,15.93,16.6,15.87,16.450001,15.93,521400,0.022222222222222223,0.003147453537384425,0,0,0,1,1
473,2015-05-08,16.209999,16.219999,15.9,15.93,16.110001,696800,0.044444444444444446,0.0027381445757965004,0,0,0,0,1
474,2015-05-07,16.360001,16.370001,15.82,16.110001,16.42,226200,0.044444444444444446,0.0029582760156877516,0,0,0,0,0
475,2015-05-06,16.66,16.85,16.25,16.42,16.65,194000,0.06666666666666667,0.0026927376153678744,0,0,0,0,0
476,2015-05-05,16.889999,16.950001,16.5,16.65,16.84,345500,0.08888888888888889,0.0024826946269915513,0,0,0,0,0
477,2015-05-04,17.25,17.25,16.5,16.84,17.190001,199600,0.1111111111111111,0.0017764500390963119,0,0,0,0,0
478,2015-05-01,18.299999,18.299999,17.0,17.190001,18.26,347700,0.1111111111111111,0.0011899872080210977,0,0,0,-1,-1
479,2015-04-30,17.85,18.43,17.4,18.26,17.85,260700,0.08888888888888889,0.0017230347876701722,-1,-1,-1,-1,-1
480,2015-04-29,18.5,18.6,17.17,17.85,18.610001,212800,0.1111111111111111,0.0006574375942560051,0,0,-1,-1,-1
481,2015-04-28,16.52,18.65,16.379999,18.610001,21.690001,254500,0.13333333333333333,-0.0014735614120982739,0,0,-1,-1,-1
482,2015-04-27,21.25,21.799999,20.549999,21.690001,21.469999,605800,0.13333333333333333,-0.0016730748999137057,-1,-1,-1,-1,-1
483,2015-04-24,21.75,21.889999,21.27,21.469999,21.75,532000,0.15555555555555556,-0.002139220084795636,0,-1,-1,-1,-1
484,2015-04-23,22.5,22.5,21.389999,21.75,22.049999,491200,0.17777777777777778,-0.0023962578248378596,0,0,-1,-1,-1
485,2015-04-22,22.459999,22.5,21.58,22.049999,22.48,558600,0.17777777777777778,-0.002279014319915856,0,0,0,-1,-1
486,2015-04-21,22.66,23.030001,22.049999,22.48,22.940001,3105600,0.2,-0.002582654423094271,0,0,-1,0,-1
487,2015-04-20,22.370001,23.01,22.030001,22.940001,22.370001,1009300,0.17777777777777778,-0.002191364534346684,0,0,-1,-1,-1
488,2015-04-17,22.32,22.469999,21.959999,22.370001,22.440001,177800,0.17777777777777778,-0.0020107538824887627,0,0,0,0,0
489,2015-04-16,22.34,22.93,22.0,22.440001,22.48,265600,0.17777777777777778,-0.0014588466043929129,0,0,0,0,0
490,2015-04-15,22.65,23.209999,22.139999,22.48,22.889999,133400,0.17777777777777778,-0.0014841898136252678,0,0,0,0,0
491,2015-04-14,22.23,23.5,21.940001,22.889999,22.280001,389000,0.15555555555555556,-0.0010833760169331973,0,0,0,0,0
492,2015-04-13,22.1,22.440001,21.690001,22.280001,22.18,216500,0.13333333333333333,0.0004072508507331761,0,0,0,0,0
493,2015-04-10,22.75,22.75,21.870001,22.18,22.66,160900,0.13333333333333333,0.00028412843296441527,0,0,0,0,0
494,2015-04-09,22.02,22.799999,21.73,22.66,22.07,185000,0.1111111111111111,0.0011337810679676189,0,0,0,0,0
495,2015-04-08,21.74,22.139999,21.139999,22.07,21.74,434900,0.08888888888888889,0.001453706111926456,0,0,0,0,0
496,2015-04-07,21.25,22.360001,21.09,21.74,21.280001,282000,0.08888888888888889,0.001110497700392775,0,0,0,0,1
497,2015-04-06,19.700001,21.42,19.700001,21.280001,20.120001,151900,0.06666666666666667,0.002156223065023522,0,0,1,0,0
498,2015-04-02,18.67,20.34,18.67,20.120001,18.73,148500,0.06666666666666667,0.0023947395730968737,1,1,1,1,1
499,2015-04-01,18.93,19.139999,18.59,18.73,19.049999,274200,0.06666666666666667,0.0028210691602120193,1,1,1,1,1
500,2015-03-31,19.030001,19.57,18.74,19.049999,19.030001,294400,0.06666666666666667,0.0025839065101238685,0,1,1,1,1
501,2015-03-30,18.67,19.5,18.549999,19.030001,18.629999,476100,0.044444444444444446,0.0031649846721944134,0,0,1,1,1
502,2015-03-27,18.629999,18.75,18.219999,18.629999,18.280001,396000,0.044444444444444446,0.002998768860364091,0,0,0,1,1
503,2015-03-26,18.5,18.99,18.08,18.280001,19.049999,412100,0.044444444444444446,0.0025454776281409624,0,0,0,0,1
504,2015-03-25,19.879999,20.01,18.879999,19.049999,19.93,189000,0.06666666666666667,0.001414105807440099,0,0,0,0,0
505,2015-03-24,19.83,20.67,19.450001,19.93,19.84,163300,0.06666666666666667,0.0012565005178784632,0,-1,-1,0,0
506,2015-03-23,18.719999,20.16,18.690001,19.84,18.809999,255200,0.044444444444444446,0.002330929441138985,0,0,-1,-1,0
507,2015-03-20,19.57,19.82,18.709999,18.809999,19.43,147600,0.06666666666666667,0.0005967043209240525,1,1,0,0,0
508,2015-03-19,18.969999,19.879999,18.959999,19.43,19.02,313000,0.06666666666666667,0.0005827092449890307,0,0,0,0,-1
509,2015-03-18,18.719999,19.1,18.6,19.02,18.799999,235500,0.06666666666666667,0.0005752962936882198,0,0,0,0,0
510,2015-03-17,18.58,19.139999,18.559999,18.799999,18.68,419800,0.044444444444444446,0.0006522010585015362,0,0,0,1,1
511,2015-03-16,18.969999,19.25,18.540001,18.68,18.93,270100,0.06666666666666667,0.0004197763065367316,0,0,0,0,1
512,2015-03-13,18.950001,19.26,18.74,18.93,18.940001,238400,0.08888888888888889,0.00033557281251627043,0,0,0,0,0
513,2015-03-12,18.469999,18.98,18.459999,18.940001,18.549999,163700,0.08888888888888889,-0.00018810562612287953,0,0,0,0,0
514,2015-03-11,18.389999,18.91,18.18,18.549999,18.290001,72400,0.06666666666666667,0.0001954485216064465,0,0,0,0,0
515,2015-03-10,18.01,18.42,17.879999,18.290001,18.18,204000,0.06666666666666667,-0.00010767140485678509,0,0,0,0,0
516,2015-03-09,18.24,18.559999,18.030001,18.18,18.15,194700,0.044444444444444446,0.00020757653581218388,0,0,0,0,0
517,2015-03-06,18.52,18.790001,18.059999,18.15,18.629999,137600,0.06666666666666667,-0.0004332924407947488,0,0,0,0,0
518,2015-03-05,18.610001,18.73,18.35,18.629999,18.67,144600,0.06666666666666667,-0.0002979454429503492,0,0,0,0,0
519,2015-03-04,18.99,18.99,18.18,18.67,19.01,151800,0.06666666666666667,-0.0002844770388630571,0,0,0,0,0
520,2015-03-03,18.65,19.17,18.620001,19.01,18.76,129000,0.044444444444444446,-8.06183941752881e-05,0,0,0,0,0
521,2015-03-02,18.459999,18.790001,18.34,18.76,18.42,145900,0.044444444444444446,3.7789959287288e-05,0,0,0,0,0
522,2015-02-27,18.620001,18.879999,18.41,18.42,18.559999,155800,0.06666666666666667,-4.665870762066122e-05,0,0,0,0,0
523,2015-02-26,18.629999,18.959999,17.879999,18.559999,18.52,174800,0.044444444444444446,6.087694230170498e-05,0,0,0,0,0
524,2015-02-25,18.940001,19.25,18.469999,18.52,18.91,229300,0.06666666666666667,-0.00024330728769280833,0,0,0,0,0
525,2015-02-24,18.83,19.290001,18.74,18.91,18.82,205900,0.06666666666666667,-0.001243732276242609,0,0,0,0,0
526,2015-02-23,19.57,19.57,18.59,18.82,19.57,235600,0.06666666666666667,-0.001402715629549621,0,0,0,0,0
527,2015-02-20,19.860001,19.959999,19.139999,19.57,19.879999,206600,0.08888888888888889,-0.0016202317318763986,0,0,-1,-1,-1
528,2015-02-19,20.01,20.200001,19.690001,19.879999,20.030001,198600,0.08888888888888889,-0.0015235136497980214,0,-1,0,-1,-1
529,2015-02-18,19.799999,20.59,19.780001,20.030001,19.889999,154800,0.06666666666666667,-0.0013228493450269157,0,0,-1,-1,-1
530,2015-02-17,20.01,20.49,19.790001,19.889999,20.17,166200,0.06666666666666667,0.0022041606235222153,0,0,0,-1,0
531,2015-02-13,19.959999,20.73,19.91,20.17,20.02,289600,0.044444444444444446,0.0027334699552163497,0,0,0,0,-1
532,2015-02-12,20.0,20.370001,19.83,20.02,19.99,200000,0.044444444444444446,0.002613487951176375,0,0,0,0,0
533,2015-02-11,19.49,20.0,19.280001,19.99,19.5,276600,0.044444444444444446,0.002362156811568726,0,0,0,0,0
534,2015-02-10,19.120001,19.780001,18.860001,19.5,19.09,191100,0.022222222222222223,0.0027720595891803238,0,0,0,0,0
535,2015-02-09,19.209999,19.209999,18.85,19.09,19.25,591700,0.022222222222222223,0.003087242551462237,0,0,0,1,0
536,2015-02-06,19.209999,19.4,18.93,19.25,19.27,395200,0.022222222222222223,0.0033070779521173093,0,0,0,0,0
537,2015-02-05,19.190001,19.75,19.129999,19.27,19.190001,566500,0.0,0.0034207204432868178,0,0,0,0,0
538,2015-02-04,18.92,19.450001,18.790001,19.190001,19.139999,258300,-0.022222222222222223,0.003603060800059013,0,0,0,0,0
539,2015-02-03,18.709999,19.49,18.709999,19.139999,18.67,222800,-0.022222222222222223,0.0036773220498042634,0,0,0,0,0
540,2015-02-02,18.26,18.67,17.83,18.67,18.219999,159000,-0.044444444444444446,0.004060672114902609,0,0,0,0,0
541,2015-01-30,18.860001,19.209999,18.18,18.219999,19.1,126700,-0.044444444444444446,0.003733664270413666,0,0,0,1,1
542,2015-01-29,18.690001,19.200001,18.52,19.1,18.690001,179700,-0.044444444444444446,0.003546622636310369,0,0,0,0,0
543,2015-01-28,18.91,19.030001,18.110001,18.690001,18.91,221300,-0.022222222222222223,0.003221329601904359,0,0,0,0,0
544,2015-01-27,18.77,19.35,18.389999,18.91,19.09,302800,-0.022222222222222223,0.003442217260256365,0,0,0,0,0
545,2015-01-26,18.719999,19.58,18.639999,19.09,18.83,210000,-0.022222222222222223,0.0033964223645252187,0,0,0,0,0
546,2015-01-23,18.790001,18.940001,18.27,18.83,18.870001,260300,0.0,0.00334834447545142,0,0,0,0,0
547,2015-01-22,19.34,19.459999,18.68,18.870001,19.219999,233500,0.022222222222222223,0.0027498117970805127,0,0,0,0,0
548,2015-01-21,18.41,19.52,18.27,19.219999,18.43,256700,0.022222222222222223,0.0030946370431599356,0,0,0,0,0
549,2015-01-20,18.219999,18.5,17.68,18.43,18.15,190400,0.022222222222222223,0.0031093374964691564,0,0,0,0,0
550,2015-01-16,17.360001,18.33,16.969999,18.15,17.459999,256100,0.0,0.003969312355660741,0,1,0,0,0
551,2015-01-15,17.77,17.889999,17.25,17.459999,17.77,242700,0.022222222222222223,0.003576576565625556,0,0,1,1,1
552,2015-01-14,17.1,17.959999,16.700001,17.77,17.219999,245200,0.022222222222222223,0.0038643604169899437,0,0,0,1,1
553,2015-01-13,18.43,18.629999,17.07,17.219999,18.370001,434300,0.044444444444444446,0.002963378461172251,0,0,0,1,1
554,2015-01-12,18.33,18.9,18.17,18.370001,18.190001,375500,0.022222222222222223,0.003093058421031852,-1,0,0,0,0
555,2015-01-09,19.459999,19.52,17.9,18.190001,21.209999,469800,0.044444444444444446,0.0011133389879032524,0,0,0,0,0
556,2015-01-08,20.700001,21.68,19.51,21.209999,20.34,321800,0.022222222222222223,0.0016006351930398562,-1,-1,-1,-1,-1
557,2015-01-07,18.629999,20.450001,18.629999,20.34,18.48,527200,0.0,0.0029992945396922093,0,-1,-1,-1,-1
558,2015-01-06,18.389999,18.690001,17.530001,18.48,18.32,550000,-0.022222222222222223,0.0032322940481636746,1,1,0,0,-1
559,2015-01-05,19.110001,19.18,18.129999,18.32,19.379999,540900,-0.022222222222222223,0.0026995124592180493,0,1,1,0,0
560,2015-01-02,19.290001,19.77,18.99,19.379999,19.129999,1776700,-0.044444444444444446,0.003006389107646001,-1,0,0,1,-1
561,2014-12-31,19.280001,19.57,18.549999,19.129999,19.280001,1113300,-0.022222222222222223,0.002557848387838986,0,0,0,1,1
562,2014-12-30,19.73,20.0,18.75,19.280001,19.969999,679600,-0.022222222222222223,0.0024126113955088074,0,0,0,0,1
563,2014-12-29,19.469999,20.18,19.299999,19.969999,19.459999,457700,-0.022222222222222223,0.0021780817196797794,0,0,0,-1,-1
564,2014-12-26,20.49,20.700001,19.360001,19.459999,20.219999,565300,0.0,0.0015215077295566695,0,0,0,0,-1
565,2014-12-24,20.0,20.48,19.889999,20.219999,20.02,280800,0.0,0.0016155584724587774,0,0,0,-1,0
566,2014-12-23,19.889999,20.84,19.809999,20.02,19.870001,483900,-0.022222222222222223,0.0020056863075866116,0,0,0,0,0
567,2014-12-22,18.959999,19.879999,18.959999,19.870001,19.02,355200,-0.022222222222222223,0.0023934689858419525,0,0,0,0,0
568,2014-12-19,19.17,19.469999,18.74,19.02,19.200001,253700,-0.022222222222222223,0.002578937654591151,0,0,1,0,0
569,2014-12-18,19.639999,19.799999,19.07,19.200001,19.690001,246100,-0.022222222222222223,0.00264433408015931,0,0,0,1,0
570,2014-12-17,18.77,20.01,18.74,19.690001,18.639999,143200,-0.022222222222222223,0.0031289781561492018,0,0,0,0,0
571,2014-12-16,18.02,19.0,17.969999,18.639999,18.15,339600,-0.022222222222222223,0.0032527108491567794,1,0,0,1,1
572,2014-12-15,17.719999,18.57,17.719999,18.15,17.639999,286800,-0.044444444444444446,0.0036503945862950606,0,1,1,0,1
573,2014-12-12,17.02,17.9,17.01,17.639999,17.129999,310000,-0.044444444444444446,0.003422814174539196,0,0,1,1,1
574,2014-12-11,17.190001,17.879999,16.59,17.129999,16.969999,338000,-0.06666666666666667,0.0037155428678871103,0,1,1,1,1
575,2014-12-10,17.469999,17.469999,16.82,16.969999,17.48,313600,-0.044444444444444446,0.0031080989288047593,0,0,1,1,1
576,2014-12-09,17.1,17.57,16.9,17.48,17.360001,301400,-0.06666666666666667,0.0032002494887795755,0,0,0,0,1
577,2014-12-08,17.459999,17.82,17.01,17.360001,17.540001,506300,-0.06666666666666667,0.003243545311098835,0,0,0,0,0
578,2014-12-05,17.889999,18.49,17.49,17.540001,17.879999,218200,-0.044444444444444446,0.0029135651543701437,0,0,0,0,0
579,2014-12-04,18.74,19.030001,17.67,17.879999,18.799999,306000,-0.022222222222222223,0.002205002642426499,0,0,0,0,0
580,2014-12-03,19.07,19.07,18.700001,18.799999,19.1,286200,0.0,0.0019317738160489076,0,-1,-1,-1,-1
581,2014-12-02,19.309999,19.690001,19.07,19.1,19.280001,351600,0.0,0.0020044519358590057,0,-1,-1,-1,-1
582,2014-12-01,21.73,21.73,19.209999,19.280001,21.780001,446400,0.022222222222222223,0.000563695901781114,0,0,-1,-1,-1
583,2014-11-28,22.059999,22.280001,21.77,21.780001,22.01,337800,0.044444444444444446,0.00043048790652703656,-1,-1,-1,-1,-1
584,2014-11-26,22.75,23.040001,21.82,22.01,23.120001,518600,0.044444444444444446,0.00033111259555832265,0,-1,-1,-1,-1
585,2014-11-25,23.41,23.620001,22.98,23.120001,23.440001,474500,0.044444444444444446,0.0005029259228122575,-1,-1,-1,-1,-1
586,2014-11-24,22.299999,23.450001,22.209999,23.440001,22.219999,289800,0.044444444444444446,0.0010120382191079061,0,-1,-1,-1,-1
587,2014-11-21,23.440001,23.440001,22.120001,22.219999,23.1,802700,0.044444444444444446,0.0008405697418046356,1,0,0,0,-1
588,2014-11-20,21.790001,23.200001,21.790001,23.1,22.0,139100,0.022222222222222223,0.0018407274981755372,0,0,0,-1,-1
589,2014-11-19,23.25,23.25,21.82,22.0,23.219999,332400,0.022222222222222223,0.0015273849288766773,1,0,1,1,0
590,2014-11-18,22.700001,23.52,22.700001,23.219999,22.700001,283900,0.022222222222222223,0.0016628329367646094,-1,0,0,0,0
591,2014-11-17,23.33,23.360001,22.4,22.700001,23.41,323600,0.022222222222222223,0.0014665080458063772,0,0,0,0,0
592,2014-11-14,22.59,23.879999,22.4,23.41,22.620001,303200,0.0,0.0019409141017191428,0,0,-1,0,-1
593,2014-11-13,22.51,22.940001,21.799999,22.620001,22.65,317500,0.0,0.0029432039505887094,0,0,0,0,0
594,2014-11-12,21.23,22.93,21.190001,22.65,21.389999,284500,-0.022222222222222223,0.0037460123033553933,0,0,0,0,0
595,2014-11-11,20.950001,21.48,20.700001,21.389999,20.99,336000,-0.022222222222222223,0.0038488190473615906,1,1,1,1,1
596,2014-11-10,21.950001,21.950001,20.4,20.99,21.93,313900,0.0,0.003347151625503335,0,1,1,1,1
597,2014-11-07,20.530001,22.059999,20.459999,21.93,19.23,555000,-0.022222222222222223,0.004882317032253476,0,0,0,0,1
598,2014-11-06,18.76,19.43,18.75,19.23,18.799999,450500,-0.044444444444444446,0.005178976780976518,1,1,1,1,1
599,2014-11-05,18.700001,19.059999,18.49,18.799999,18.57,623600,-0.06666666666666667,0.005802870548926803,0,1,1,1,1
600,2014-11-04,18.58,18.74,18.49,18.57,18.58,189000,-0.06666666666666667,0.005953975305290322,0,0,1,1,1
601,2014-11-03,18.440001,18.73,18.360001,18.58,18.440001,389500,-0.06666666666666667,0.0059508026475585335,0,0,0,1,1
602,2014-10-31,18.42,18.709999,18.25,18.440001,18.309999,736600,-0.06666666666666667,0.005922518049600978,0,0,0,0,1
603,2014-10-30,17.25,19.440001,17.200001,18.309999,17.07,199400,-0.08888888888888889,0.006882603169305186,0,0,0,0,0
604,2014-10-29,17.42,17.49,16.860001,17.07,17.42,329200,-0.08888888888888889,0.006858587045570577,1,1,1,1,1
605,2014-10-28,16.82,17.5,16.809999,17.42,16.84,142000,-0.08888888888888889,0.00722111947204429,0,0,1,1,1
606,2014-10-27,17.299999,17.469999,16.790001,16.84,17.290001,208100,-0.06666666666666667,0.006824073925264374,0,0,1,1,1
607,2014-10-24,16.73,17.379999,16.58,17.290001,16.75,317700,-0.06666666666666667,0.007040112455763958,0,0,0,1,1
608,2014-10-23,17.02,17.290001,16.690001,16.75,16.99,679000,-0.044444444444444446,0.006570372991304842,0,0,0,0,1
609,2014-10-22,17.309999,17.459999,16.959999,16.99,17.32,168600,-0.022222222222222223,0.006046783548422885,0,0,0,0,0
610,2014-10-21,17.58,17.6,17.18,17.32,17.41,228500,-0.022222222222222223,0.0060932260160723225,0,0,0,0,0
611,2014-10-20,17.209999,17.549999,17.07,17.41,17.280001,189600,-0.022222222222222223,0.0060094655328385566,0,0,0,0,0
612,2014-10-17,17.469999,17.74,17.1,17.280001,17.280001,168500,-0.022222222222222223,0.005928863026088062,0,0,0,0,0
613,2014-10-16,17.25,17.9,17.030001,17.280001,17.41,208800,-0.022222222222222223,0.0058980474641441025,0,0,0,0,0
614,2014-10-15,17.0,17.51,16.59,17.41,17.299999,290800,-0.044444444444444446,0.005972290816681539,0,0,0,0,0
615,2014-10-14,15.67,17.34,15.67,17.299999,15.66,264400,-0.044444444444444446,0.006779222822673239,0,0,0,0,0
616,2014-10-13,16.049999,16.49,15.52,15.66,16.059999,329200,-0.022222222222222223,0.006462370622654564,1,1,1,1,1
617,2014-10-10,16.0,16.49,15.68,16.059999,16.0,320000,-0.044444444444444446,0.00681459433176609,0,1,1,1,1
618,2014-10-09,16.559999,16.57,15.49,16.0,16.26,329700,-0.022222222222222223,0.006384170158953451,0,0,1,1,1
619,2014-10-08,16.6,17.030001,15.68,16.26,16.440001,516300,-0.022222222222222223,0.006966177083592825,0,0,0,1,1
620,2014-10-07,19.07,19.35,15.98,16.440001,21.889999,1056100,0.0,0.003061769082227851,0,0,0,0,0
621,2014-10-06,22.799999,23.15,21.73,21.889999,22.77,361900,0.022222222222222223,0.0021325152687008933,-1,-1,-1,-1,-1
622,2014-10-03,22.76,23.23,22.540001,22.77,22.49,496100,0.0,0.0025668766749941427,0,-1,-1,-1,-1
623,2014-10-02,21.43,22.6,21.43,22.49,21.43,649600,0.0,0.0029737763163026018,0,0,-1,-1,-1
624,2014-10-01,21.719999,21.799999,21.110001,21.43,21.77,1314100,0.022222222222222223,0.002333511698333574,1,1,0,-1,-1
625,2014-09-30,22.52,22.66,21.629999,21.77,22.57,5661700,0.044444444444444446,0.0015981549528988402,0,0,0,0,-1
626,2014-09-29,22.969999,23.49,22.209999,22.57,23.040001,1542500,0.044444444444444446,0.0016337227307681326,0,-1,0,0,0
627,2014-09-26,23.15,23.23,22.73,23.040001,23.18,492300,0.044444444444444446,0.00188672060436561,0,-1,-1,0,0
628,2014-09-25,23.379999,23.450001,22.75,23.18,23.5,417600,0.044444444444444446,0.001978399164946625,0,0,-1,-1,0
629,2014-09-24,23.15,23.719999,23.030001,23.5,23.08,367200,0.044444444444444446,0.0020956993304485525,0,0,0,-1,-1
630,2014-09-23,23.190001,23.41,22.57,23.08,23.32,252600,0.06666666666666667,0.0018900916259574519,0,0,0,0,-1
631,2014-09-22,23.75,23.879999,22.790001,23.32,23.76,249500,0.06666666666666667,0.0018166540626827737,0,0,0,0,0
632,2014-09-19,22.879999,24.0,22.84,23.76,22.85,110900,0.044444444444444446,0.0023441426763079823,0,0,0,0,0
633,2014-09-18,21.959999,22.950001,21.959999,22.85,22.450001,252400,0.044444444444444446,0.0019123851951506775,0,0,0,0,0
634,2014-09-17,23.110001,23.17,22.1,22.450001,23.110001,170000,0.06666666666666667,0.0015172255793115886,0,1,0,0,1
635,2014-09-16,22.639999,23.459999,22.639999,23.110001,22.700001,699500,0.044444444444444446,0.0017918990056531717,0,0,0,0,0
636,2014-09-15,22.51,22.98,22.23,22.700001,22.65,394400,0.022222222222222223,0.002098750419728653,0,0,0,1,0
637,2014-09-12,21.889999,22.83,21.790001,22.65,21.85,1445800,0.0,0.003021091555092063,0,0,0,0,1
638,2014-09-11,21.469999,22.129999,21.370001,21.85,21.629999,255100,-0.022222222222222223,0.003515284151147679,0,0,1,0,0
639,2014-09-10,21.24,21.75,21.01,21.629999,21.33,330400,-0.022222222222222223,0.003257440197129648,0,1,1,1,0
640,2014-09-09,22.049999,22.360001,21.17,21.33,22.17,366300,0.0,0.0027399066146440412,0,0,1,1,1
641,2014-09-08,21.67,22.5,21.549999,22.17,21.780001,335600,-0.022222222222222223,0.0033018428300274675,0,0,0,0,0
642,2014-09-05,21.51,21.82,21.23,21.780001,21.67,346300,-0.044444444444444446,0.0038920735106787287,0,0,0,0,0
643,2014-09-04,21.280001,22.18,21.209999,21.67,21.360001,178200,-0.06666666666666667,0.004062181999533301,0,0,0,0,0
644,2014-09-03,21.4,21.65,20.809999,21.360001,21.4,177500,-0.06666666666666667,0.0043275141783035535,0,0,0,0,0
645,2014-09-02,21.23,21.459999,20.65,21.4,21.139999,265400,-0.08888888888888889,0.004640026441971224,0,0,0,0,0
646,2014-08-29,21.200001,21.73,20.950001,21.139999,21.200001,371200,-0.08888888888888889,0.00470833305643782,0,0,0,0,1
647,2014-08-28,21.66,21.76,21.110001,21.200001,21.93,287400,-0.08888888888888889,0.004346938074317287,0,0,0,0,0
648,2014-08-27,22.139999,22.35,21.459999,21.93,22.200001,695300,-0.08888888888888889,0.004248939720246977,0,0,0,0,0
649,2014-08-26,22.34,22.389999,22.01,22.200001,22.42,541000,-0.06666666666666667,0.0039314411102420645,0,0,-1,0,0
650,2014-08-25,22.77,22.870001,22.25,22.42,22.75,353200,-0.044444444444444446,0.0037249136341794098,0,0,-1,-1,-1
651,2014-08-22,22.02,23.280001,22.02,22.75,22.01,225500,-0.06666666666666667,0.004118692455142696,0,0,0,-1,-1
652,2014-08-21,22.5,22.57,21.67,22.01,22.51,273400,-0.06666666666666667,0.003959501969808986,0,0,0,0,0
653,2014-08-20,21.25,22.620001,21.25,22.51,21.459999,278200,-0.08888888888888889,0.00469112396497163,0,0,0,0,0
654,2014-08-19,21.030001,21.75,21.02,21.459999,21.030001,233400,-0.1111111111111111,0.005245173637632183,1,0,1,0,0
655,2014-08-18,21.09,21.440001,20.84,21.030001,21.0,262700,-0.13333333333333333,0.005399913430831265,0,1,0,1,1
656,2014-08-15,21.790001,21.790001,20.690001,21.0,21.58,430200,-0.13333333333333333,0.005367383554710545,0,0,1,1,1
657,2014-08-14,21.41,22.25,21.309999,21.58,21.41,243500,-0.15555555555555556,0.005624697995680133,0,0,0,0,0
658,2014-08-13,21.9,21.959999,21.17,21.41,21.969999,329700,-0.15555555555555556,0.005610648397376262,0,0,0,0,1
659,2014-08-12,22.58,22.68,21.959999,21.969999,22.66,173200,-0.15555555555555556,0.005537817894408121,0,0,0,0,0
660,2014-08-11,22.57,22.959999,22.309999,22.66,22.440001,268100,-0.15555555555555556,0.0051649966515954545,0,-1,-1,-1,-1
661,2014-08-08,22.07,22.6,22.01,22.440001,22.1,404500,-0.15555555555555556,0.005086931544078827,0,0,-1,0,-1
662,2014-08-07,22.23,22.450001,21.93,22.1,22.27,258900,-0.13333333333333333,0.004585817222774339,0,0,0,0,0
663,2014-08-06,21.09,22.59,21.02,22.27,21.17,217600,-0.13333333333333333,0.0048932388508822295,0,0,0,0,0
664,2014-08-05,21.34,21.950001,21.09,21.17,21.530001,242000,-0.13333333333333333,0.004742523032628322,1,0,1,1,0
665,2014-08-04,21.0,21.59,20.67,21.530001,21.0,240500,-0.15555555555555556,0.0053589357427481716,0,0,0,0,1
666,2014-08-01,21.02,21.1,20.74,21.0,21.030001,223400,-0.15555555555555556,0.0056084927659297195,0,0,1,1,1
667,2014-07-31,21.110001,21.4,20.950001,21.030001,21.33,324200,-0.15555555555555556,0.005650160208327779,0,0,0,1,1
668,2014-07-30,21.209999,21.48,21.209999,21.33,21.110001,322700,-0.17777777777777778,0.006116113139541678,0,0,0,0,0
669,2014-07-29,21.0,21.24,20.790001,21.110001,20.85,308300,-0.17777777777777778,0.006071735313314545,0,0,0,0,0
670,2014-07-28,20.639999,21.17,20.32,20.85,20.67,482300,-0.2,0.006434477709449095,0,0,0,0,0
671,2014-07-25,20.709999,21.0,20.610001,20.67,21.0,243900,-0.17777777777777778,0.006129907860617056,0,0,0,0,0
672,2014-07-24,21.040001,21.280001,20.809999,21.0,21.0,156900,-0.17777777777777778,0.006089115554614357,0,0,0,0,0
673,2014-07-23,20.9,21.26,20.700001,21.0,20.969999,373100,-0.17777777777777778,0.006042001884398671,0,0,0,0,0
674,2014-07-22,21.66,21.780001,20.959999,20.969999,21.84,466800,-0.17777777777777778,0.005691882417341091,0,0,0,0,0
675,2014-07-21,22.25,22.51,21.360001,21.84,22.48,462700,-0.15555555555555556,0.004949183587648188,0,0,0,-1,0
676,2014-07-18,22.370001,22.74,22.23,22.48,22.34,240900,-0.17777777777777778,0.005233434674892368,0,-1,-1,-1,-1
677,2014-07-17,22.74,22.959999,22.08,22.34,22.879999,298000,-0.17777777777777778,0.004996824810575751,0,0,-1,-1,-1
678,2014-07-16,23.82,24.219999,22.75,22.879999,23.85,585300,-0.17777777777777778,0.004825378080224822,0,0,-1,-1,-1
679,2014-07-15,24.59,24.860001,23.58,23.85,24.5,739100,-0.17777777777777778,0.004600151098618418,0,-1,-1,-1,-1
680,2014-07-14,24.48,25.0,24.25,24.5,24.25,827400,-0.2,0.00477517287343889,0,-1,-1,-1,-1
681,2014-07-11,24.68,24.76,24.139999,24.25,24.58,492100,-0.17777777777777778,0.00435730376414474,0,0,-1,-1,-1
682,2014-07-10,24.1,25.610001,24.030001,24.58,24.799999,738900,-0.17777777777777778,0.004392897468306963,0,0,0,-1,-1
683,2014-07-09,23.01,24.9,22.879999,24.799999,27.07,949900,-0.17777777777777778,0.0034255166181787642,0,0,0,0,-1
684,2014-07-08,27.65,27.65,26.75,27.07,27.52,625200,-0.15555555555555556,0.002919554634127617,-1,-1,-1,-1,-1
685,2014-07-07,27.5,27.959999,27.059999,27.52,27.26,846000,-0.15555555555555556,0.002509212765451171,0,-1,-1,-1,-1
686,2014-07-03,27.5,27.99,27.0,27.26,27.25,325600,-0.17777777777777778,0.002780142197727789,0,0,-1,-1,-1
687,2014-07-02,28.0,29.389999,27.110001,27.25,27.66,724700,-0.17777777777777778,0.0029582529798461246,0,0,0,-1,-1
688,2014-07-01,27.83,28.09,27.17,27.66,27.780001,3322100,-0.17777777777777778,0.003061693857766901,0,0,0,0,-1
689,2014-06-30,29.120001,29.16,27.530001,27.780001,29.0,1165000,-0.17777777777777778,0.0026236005370560106,0,0,0,0,0
690,2014-06-27,29.370001,30.379999,29.0,29.0,29.41,463300,-0.17777777777777778,0.0028016137113698446,-1,-1,-1,-1,-1
691,2014-06-26,29.709999,29.709999,29.1,29.41,29.18,340300,-0.2,0.002909591516774539,0,-1,-1,-1,-1
692,2014-06-25,29.719999,29.9,29.0,29.18,28.9,675300,-0.2,0.0028568783308003986,0,0,-1,-1,-1
693,2014-06-24,29.639999,29.860001,28.82,28.9,29.440001,613300,-0.2,0.002963414085065398,0,0,0,-1,-1
694,2014-06-23,30.200001,30.35,29.190001,29.440001,29.98,444200,-0.2,0.0032608864593347306,0,0,0,0,-1
695,2014-06-20,29.860001,30.15,28.799999,29.98,29.959999,776900,-0.2,0.0029930041738320816,0,-1,0,0,0
696,2014-06-19,29.85,30.68,29.51,29.959999,29.690001,152900,-0.2222222222222222,0.003162980960529153,0,0,-1,0,0
697,2014-06-18,29.719999,30.389999,29.360001,29.690001,29.34,202400,-0.2222222222222222,0.002891975016082918,0,0,0,0,0
698,2014-06-17,28.52,29.620001,28.219999,29.34,28.52,195500,-0.2222222222222222,0.0028214377863378924,0,0,0,0,0
699,2014-06-16,27.9,28.690001,27.75,28.52,27.73,292500,-0.24444444444444444,0.00343682090836793,0,1,1,1,0
700,2014-06-13,27.99,28.120001,27.299999,27.73,27.99,571600,-0.2222222222222222,0.003148212090534591,0,1,1,1,1
701,2014-06-12,27.52,28.379999,27.370001,27.99,27.57,226000,-0.24444444444444444,0.0035024808887857734,0,0,1,1,1
702,2014-06-11,27.15,27.620001,27.15,27.57,27.370001,353400,-0.26666666666666666,0.003604247416700289,0,0,0,1,1
703,2014-06-10,27.290001,27.440001,26.860001,27.370001,27.5,303000,-0.24444444444444444,0.0031380507365060145,0,0,0,1,1
704,2014-06-09,27.5,27.85,27.35,27.5,27.51,276100,-0.24444444444444444,0.0034599783533597883,0,0,0,0,1
705,2014-06-06,27.139999,27.870001,26.9,27.51,26.9,197800,-0.26666666666666666,0.004086975171779375,0,0,0,0,0
706,2014-06-05,27.049999,27.309999,26.26,26.9,26.82,306100,-0.28888888888888886,0.0041818456031186245,0,0,0,0,1
707,2014-06-04,27.549999,27.549999,26.799999,26.82,27.57,91600,-0.28888888888888886,0.0038857710570621897,0,0,0,0,0
708,2014-06-03,26.77,27.93,26.5,27.57,26.950001,352700,-0.3111111111111111,0.0042613706684713195,0,0,0,0,0
709,2014-06-02,28.75,28.99,26.870001,26.950001,28.66,287800,-0.28888888888888886,0.00355636183047948,0,0,0,0,0
710,2014-05-30,28.0,28.99,27.82,28.66,28.09,273800,-0.28888888888888886,0.003762887444629552,-1,-1,-1,-1,-1
711,2014-05-29,27.059999,28.25,26.799999,28.09,26.870001,250900,-0.3111111111111111,0.0043988989993207234,0,-1,0,-1,-1
712,2014-05-28,27.629999,27.780001,26.82,26.870001,27.59,248400,-0.3111111111111111,0.004241094226070762,1,1,0,0,0
713,2014-05-27,27.950001,28.49,27.5,27.59,27.299999,366100,-0.3111111111111111,0.004013833945851832,0,0,1,0,0
714,2014-05-23,26.27,28.34,26.17,27.299999,26.16,350300,-0.3333333333333333,0.004742641445472105,0,0,0,1,0
715,2014-05-22,25.33,26.370001,25.16,26.16,25.389999,415800,-0.35555555555555557,0.005172017346285433,1,1,0,1,1
716,2014-05-21,26.02,26.129999,25.18,25.389999,26.0,285800,-0.3333333333333333,0.004524841184021762,0,1,1,1,1
717,2014-05-20,26.52,26.6,25.440001,26.0,26.75,290000,-0.3333333333333333,0.004469711871169786,0,0,1,1,0
718,2014-05-19,27.1,27.440001,26.719999,26.75,27.34,385300,-0.3333333333333333,0.006155774097655253,0,-1,0,0,0
719,2014-05-16,27.040001,27.379999,26.610001,27.34,27.139999,509100,-0.3333333333333333,0.005555198478864698,0,-1,-1,-1,0
720,2014-05-15,26.76,27.23,26.27,27.139999,26.92,231400,-0.3333333333333333,0.005562540217528765,0,0,-1,-1,0
721,2014-05-14,27.07,27.5,26.700001,26.92,27.25,349900,-0.3333333333333333,0.005718046161181272,0,0,0,0,-1
722,2014-05-13,27.4,27.879999,26.98,27.25,27.5,382200,-0.3333333333333333,0.006334347538901856,0,0,0,0,-1
723,2014-05-12,26.18,27.690001,26.18,27.5,25.950001,268900,-0.3333333333333333,0.006810427161661977,0,0,0,0,0
724,2014-05-09,25.700001,26.09,25.700001,25.950001,25.790001,250100,-0.3333333333333333,0.0062844736131829415,1,1,0,1,1
725,2014-05-08,25.790001,26.82,25.559999,25.790001,25.969999,316900,-0.3111111111111111,0.006007783393841877,0,1,1,1,1
726,2014-05-07,26.610001,26.77,25.5,25.969999,26.629999,301700,-0.3111111111111111,0.00587878848167102,0,0,1,1,0
727,2014-05-06,27.799999,27.98,26.57,26.629999,27.9,496000,-0.28888888888888886,0.005233499028954848,0,0,0,0,0
728,2014-05-05,28.65,28.799999,27.790001,27.9,28.860001,533500,-0.26666666666666666,0.004436586622285293,-1,-1,-1,-1,0
729,2014-05-02,27.82,29.0,27.809999,28.860001,27.790001,315500,-0.26666666666666666,0.004571297833658982,0,-1,-1,-1,-1
730,2014-05-01,27.68,28.040001,27.219999,27.790001,27.59,713300,-0.28888888888888886,0.005634010044016372,1,0,-1,-1,-1
731,2014-04-30,28.370001,28.959999,27.5,27.59,28.5,579200,-0.26666666666666666,0.004909928110018997,0,1,0,0,-1
732,2014-04-29,27.08,29.629999,26.139999,28.5,29.870001,576000,-0.24444444444444444,0.0040508665618467915,0,0,0,0,-1
733,2014-04-28,30.0,30.139999,29.0,29.870001,29.9,397200,-0.2222222222222222,0.003553799086168684,-1,-1,-1,-1,-1
734,2014-04-25,30.5,30.559999,29.66,29.9,30.67,349600,-0.2,0.0030926378075595514,0,-1,-1,-1,-1
735,2014-04-24,31.389999,31.42,30.07,30.67,31.16,370100,-0.17777777777777778,0.002783186328388198,0,0,-1,-1,-1
736,2014-04-23,31.25,32.049999,31.059999,31.16,31.440001,639000,-0.17777777777777778,0.003080998457275837,0,-1,-1,-1,-1
737,2014-04-22,31.48,31.709999,31.0,31.440001,31.5,2204300,-0.17777777777777778,0.0036202539494223965,0,0,-1,-1,-1
738,2014-04-21,31.809999,32.68,31.5,31.5,31.610001,967800,-0.17777777777777778,0.0038082097164004155,0,0,0,-1,-1
739,2014-04-17,31.049999,31.74,30.860001,31.610001,31.02,470600,-0.2,0.00419860551914123,0,0,0,0,-1
740,2014-04-16,31.01,31.58,30.700001,31.02,30.9,405900,-0.2,0.003886650020257241,0,0,0,0,0
741,2014-04-15,31.0,31.75,29.360001,30.9,30.99,441200,-0.2,0.004202340326532091,0,0,0,0,0
742,2014-04-14,31.59,31.700001,30.139999,30.99,31.25,395700,-0.17777777777777778,0.004098815270638283,0,0,0,0,0
743,2014-04-11,31.200001,31.83,30.25,31.25,31.85,301700,-0.15555555555555556,0.003266621928537768,0,0,0,0,0
744,2014-04-10,32.759998,32.98,31.17,31.85,32.799999,288000,-0.13333333333333333,0.0028778637851234203,0,0,0,0,0
745,2014-04-09,33.220001,33.5,32.169998,32.799999,33.209999,223700,-0.1111111111111111,0.0026236918990269033,0,-1,-1,-1,-1
746,2014-04-08,33.950001,34.16,32.43,33.209999,34.029999,582700,-0.08888888888888889,0.0018334506537217915,0,-1,-1,-1,-1
747,2014-04-07,34.299999,34.5,33.459999,34.029999,34.549999,659800,-0.06666666666666667,0.0014193377270188801,0,-1,-1,-1,-1
748,2014-04-04,35.66,35.66,34.240002,34.549999,35.41,485100,-0.044444444444444446,0.0004973926706901645,0,-1,-1,-1,-1
749,2014-04-03,36.41,36.790001,34.779999,35.41,36.290001,645000,-0.022222222222222223,-0.00011027164099233183,0,-1,-1,-1,-1
750,2014-04-02,34.900002,36.490002,34.439999,36.290001,34.720001,340000,-0.044444444444444446,0.0007023907246274098,0,-1,-1,-1,-1
751,2014-04-01,33.959999,35.389999,33.650002,34.720001,33.950001,665000,-0.06666666666666667,0.0017325250445799022,1,0,0,0,-1
752,2014-03-31,32.68,34.5,32.310001,33.950001,32.68,320300,-0.06666666666666667,0.0009408248157015282,0,1,1,0,0
753,2014-03-28,32.0,33.0,31.66,32.68,31.969999,429400,-0.08888888888888889,0.0012153422849483404,1,1,1,1,1
754,2014-03-27,31.92,32.009998,31.01,31.969999,32.080002,690100,-0.08888888888888889,0.0013422091794076272,0,1,1,1,1
755,2014-03-26,33.130001,33.470001,31.639999,32.080002,33.07,401600,-0.06666666666666667,0.0009472592140367743,0,0,1,1,1
756,2014-03-25,34.240002,34.259998,32.889999,33.07,33.860001,407800,-0.06666666666666667,0.0007635520237672688,0,-1,0,0,1
757,2014-03-24,34.5,34.810001,33.200001,33.860001,34.470001,535400,-0.06666666666666667,0.000793780846765447,0,-1,-1,-1,0
758,2014-03-21,35.639999,35.900002,34.169998,34.470001,35.560001,397700,-0.06666666666666667,0.000556877844300874,0,-1,-1,-1,-1
759,2014-03-20,34.939999,35.68,34.5,35.560001,34.98,479600,-0.08888888888888889,0.0009237630026653758,-1,-1,-1,-1,-1
760,2014-03-19,35.84,36.0,34.82,34.98,35.82,711800,-0.06666666666666667,0.00048671670315566026,0,0,-1,-1,-1
761,2014-03-18,35.490002,36.299999,35.18,35.82,35.41,1081000,-0.06666666666666667,0.0006138958085592229,0,0,-1,-1,-1
762,2014-03-17,35.43,35.68,35.099998,35.41,35.279999,458000,-0.08888888888888889,0.0009218586467293578,0,0,0,0,-1
